name,address,icon,userComment,rating,tags,photos
"Atenea Sky Rooftop","C/ de Moratín, 12, Ciutat Vella, 46002 València, Valencia, Spain","bar","Rooftop avec vue sur le centre de valenciaaa! Très bon cocktail et tapas délicieuses ","4","Carpe diem#Cadre sympa#Fancy#Rooftop#Specialites locales#Cocktails",""
"Oi Vita Pizzeria Napoletana and Drinks","Carrer de la Conquista, 8, 46001 Valence, Valencia, Espagne","restaurant","Excellent Italien ! Super ! Pizza only ","4.5","Restaurant#Pizza#Italien",""
"MarbellaTheLatinClub","Plaça d'Hondures, 34, 46022 València, Valencia, Spain","generic","Bar club latino où on danse la salsa","2.5","Bar#Latino",""
"Johnny Maracas S.C.","Carrer dels Cavallers, 39, 46001 Valence, Valencia, Espagne","nightclub","Bar dansant latino ","3.5","Ambiance#Bar#Latino",""
"Egeo Suvlakeria Griega , Ruzafa","Carrer del Literat Azorín, 8, 46006 Valence, Valencia, Espagne","restaurant","Resto grec sympa pour manger rapidement et efficacement ","4","Greek#Restaurant",""
"Marina Beach Club","Marina de Valencia, Poblados Marítimos, 46001 Valencia, Spain","restaurant","Resto vue mer très sympa et excellentes nourritures ! Tapas et paella amazing ","4.5","Ambiance#Amis#À essayer#Beach club#Carpe diem#Cadre sympa#Excellent#Fancy#Restaurant",""
"La Crête","85 Rue Mouffetard, 75005 Paris, France","restaurant","Resto grec conseillé par Hakim ","","Sans reservation#Restaurant#Greek",""
"Paris Bogota","30 Avenue du Maine, 75015 Paris, France","restaurant","Colombien à essayer ++","","Sans reservation#À essayer#Carpe diem#Restaurant",""
"Table d’istrees","35 Avenue Duquesne, 75007 Paris, France","generic","Formule du midi à 14,90 entrée plat dessert","","Sans reservation#Restaurant",""
"Le Café du Commerce","51 Rue du Commerce, 75015 Paris, France","restaurant","","","Sans reservation#Restaurant",""
"La Boissonnière","17 Rue Poissonnière, 75002 Paris, France","nightclub","Bar ","4","Bar",""
"Nèulo","46 Rue Ste-Croix de la Bretonnerie, 75004 Paris, France","restaurant","Spécialité le flan !!","","Sans reservation#Fancy#French cook#Gouter",""
"Baobar","42 Rue Sainte-Croix-de-la-Bretonnerie 75004 Paris France","restaurant","Bao très bon ! Possible de réserver ! Très sympa et un joli moment à passer ! Je recommande vivement ! ","4","À essayer#Bao#Carpe diem",""
"Holy cookie","18 Rue des Ecouffes, 75004 Paris, France","geocode","Cookie où tu fais toi meme ton cookie. A tester une fois ","3.5","Gateaux#Gouter",""
"Bontemps","57 Rue de Bretagne, 75003 Paris, France","bakery","Tea time tres bon dans le marais ","4","À essayer#Gateaux#Gouter#Teatime",""
"Maison Gloria","15 Place Jean Jaurès, 37000 Tours, France","restaurant","Tres bon resto a JJ ","4","Fancy#Restaurant",""
"Kokodak 코코닥","8 Rue du Pot de Fer, 75005 Paris, France","restaurant","Fusion italien coréen ","","Sans reservation#Coreen#Italien#Restaurant",""
"Les Confrères","57 Rue Rodier, 75009 Paris, France","restaurant","À tester : trees bon apparemment  ","","Sans reservation#Restaurant",""
"Blabla","66 Rue Blanche, 75009 Paris, France","cafe","Mezze à partager tres sympasss! Tres copieux ! Tout fait maison et tres bon ! Une belle trouvaille 
Patron adorable
Reservable pour groupe  ","4","A partager#À essayer#Ambiance#Amis#Bar#Carpe diem#Cocktails#Mediterraneen",""
"Cafe Fino","59 Rue des Mathurins, 75008 Paris, France","cafe","Brunch ","","Sans reservation#Brunch",""
"La Cabane des Amis","Plage de l’Huveaune, En face du 7 avenue Pierre Mendès, 13008 Marseille, France","nightclub","Beach club festif et tres sympa","4","Ambiance#Amis#À essayer#Beach club#Carpe diem#Cadre sympa#Cocktails#Fancy#Festif#Street food#Vue mer",""
"Ou Sinon","1 Quai d'Honneur Île Ratonneau, 13007 Marseille, France","restaurant","Resto vue port excellent ","5","À essayer#Authentique#Carpe diem#Excellent#Fruits de mer#Restaurant",""
"Le Métropole","2 Place Gabriel Péri, 13001 Marseille, France","restaurant","Très bon glacier ","4.5","Glace",""
"Chez lulu","Place Thiars, 13001 Marseille, France","generic","Tres bon resto avce de tres bon produits","4","Excellent#Fancy#Restaurant#Cadre sympa",""
"l'arbre bleu marseille","13 Rue d'Oran, 13004 Marseille, France","fitness","Bar a cocktail sur le vieux port ","3.5","Amis#Ambiance#Bar#Cocktails",""
"Le Comptoir de la Gastronomie","34 Rue Montmartre, 75001 Paris, France","restaurant","À essayer : bistronomique prix un peu élevé ","","Sans reservation#À essayer",""
"Le Chalet des Îles (Chalet des Îles)","Lac Inférieur du Bois de Boulogne, 75016 Paris, France","restaurant","Endroit insolite en plein Paris. 
Chalet sur une ile avec un cadre bucolique et idyllique . Pour y accéder, un peu laborieux à pied et prendre une navette bateau ensuite.
Repas tres bon service impeccable.
Une bulle d’air et un grand bol d’air frais en plein paris. Très sympa.","4.5","À essayer#Ambiance#Cadre sympa#Carpe diem#Excellent#Fancy#Restaurant#Vue panoramique",""
"La petite Bleue BRUNCH & COFFEE","13 Rue Auber, 75009 Paris, France","restaurant","Brunch non reservablr ","","Sans reservation#À essayer#Brunch",""
"Les Compères","10 Rue Sedaine, 75011 Paris, France","restaurant","","","Sans reservation#Brasserie",""
"Lua wine & soul food","Plaça Sa Plaça, 7, 17488 Cadaqués, Girona, Espagne","restaurant","Resto excellent dans une ruelle adorable.  On ne peut qu’aimer. Cuisine healthy ","4.5","À essayer#Cadre sympa#Carpe diem#Excellent#Fancy#Restaurant",""
"Set","Plaça del Port Ditxos, 8, 17488 Cadaqués, Girona, Espagne","lodging","Brunch cadre tres sympa vue mer ","4.5","Ambiance#Brunch#Cadre sympa",""
"Le Bar Basque","7 Place Saint-Pierre, 31000 Toulouse, France","restaurant","Bar cadre tres sympa avec terrasse intérieure très agréable ","3","Bar#Cadre sympa",""
"Visionnaire","23 Place des Puits Clos, 31000 Toulouse, France","generic","Coffee shop tres tres sympa avec boutique de vetements à l’interieur. Boutique/cafe de big flo et oli. Excellents cafes et glaces et cadre tres calme ","4.5","À essayer#Cafe#Cadre sympa#Carpe diem#Work",""
"Le Parchamp Table, Rooftop & Bar","Rooftop & Bar, 114 Route de la Reine, 92100 Boulogne-Billancourt, France","restaurant","Rooftop","","Sans reservation#À essayer#Rooftop",""
"L'Estacade","11 Place de la Capitainerie, 34200 Sète, France","restaurant","Estacade aux quilles ","","Sans reservation#Restaurant",""
"La Coquerie","1 Chemin du Cimetière Marin, 34200 Sète, France","restaurant","Gastro sur resa","","Sans reservation#Restaurant",""
"La Prohibition","14 Rue André Portes, 34200 Sète, France","restaurant","Excellent resto de quartier près des halles !  Carte qui change chaque semaine en fonction des arrivages. Penser à reserver ! A y aller sans hesiter apres le marché : quel bonheur","4.5","Carpe diem#Restaurant#Authentique#Bistronomique#Excellent#Mediterraneen#Poisson#Specialites locales",""
"Les Passagers de Beyrouth","18 Passage de la Bonne Graine, 75011 Paris, France","restaurant","Libanais à tester ++","","Sans reservation#À essayer#Libanais",""
"Le Chien Fou","3 Rue Jean Hupeau, 45000 Orléans, France","restaurant","Resto gueuleton : excellentes viandes et vins.
","4.5","Authentique#Gueuleton#Carpe diem#Excellent#Viandes#Wine#Restaurant",""
"L'Inexplosible","3 Quai du Châtelet, 45000 Orléans, France","nightclub","Bar peniche festif tres sympa aux bords de loire ","4","Bar#Cocktails#Carpe diem#Fancy#Festif",""
"Faby","67 Rue Rennequin, 75017 Paris, France","restaurant","Bar à vin 17 eme ","","Sans reservation#À essayer#Bar à vin",""
"QoSQo Ville","15 Place d'Armes, 1136 Luxembourg, Luxembourg","restaurant","Mexicain sympa dans la place centrale ","3.5","Mexicain",""
"Kaale Kaffi","9 Rue de la Boucherie, 1247 Luxembourg, Luxembourg","cafe","Cocktails excellents ! Spritz comme on les aime avec un serveur haut en couleur ! Decor tres original et fancy ! Bar qu’on ne peut que recommander ","5","Ambiance#Authentique#Cadre sympa#Carpe diem#Cocktails#Excellent#Fancy#Bar",""
"Hertz Pop/Up","44 Grand-rue, 1660 Luxembourg, Luxembourg","restaurant","Brunch tres sympa et tres bon","4.5","À essayer#Brunch#Carpe diem",""
"Ciao Bella","49 Boulevard Royal, L-2449 Ville Haute, Luxembourg","wine","Resto italien tres copieux et bon","4","Excellent#Restaurant#Pizza#Pasta",""
"Café du-Pont","1 Grand-Rue, L-9410 Vianden, Luxembourg","restaurant","Resto au dessus de l’our ! Plats genereux  ","","Cadre sympa#Restaurant",""
"Ennert de Steiler","2 Rue de la Loge, L-1945 Ville Haute, Luxembourg","restaurant","Bar tres tres cool ! Terrasse adorable et balcon trop chouette ! Ambiance sympa ","4.5","Ambiance#Amis#À essayer#Bar",""
"TiTi Palacio","17 Boulevard Morland, 75004 Paris, France","restaurant","Excellent bar tres fancy : ideal piir groupe ou afterwork fancy ! Ambiance festif ! A cote des nautes ! Tres chouette et cool","4.5","Ambiance#À essayer#Bar#Cocktails#Cadre sympa#Carpe diem#Fancy#Festif",""
"À la Bonne Bière","32 Rue du Faubourg du Temple, 75011 Paris, France","restaurant","Bar repu ","","Bar",""
"Chez Prune","36 Rue Beaurepaire, 75010 Paris, France","nightclub","Bar canal st martin ","","Bar",""
"Barbacoa","38 Rue d'Aguesseau, 92100 Boulogne-Billancourt, France","restaurant","Tres bon resto et tres copieux ","4.5","Restaurant",""
"Parenthèse Brunch","9 Rue de Mazagran, 75010 Paris, France","restaurant","Brunch reservable tres sympa je reco  car tres copieux et tres bon","4.5","Brunch#Carpe diem",""
"Nessia","6 Rue Charles-François Dupuis, 75003 Paris, France","restaurant","","","Sans reservation#Bistrot#Restaurant",""
"La Grande Cremerie","8 Rue Grégoire de Tours, 75006 Paris, France","restaurant","Bar à vin et tapas odeon ! Lieu très sympa et cocooning ","4","À essayer#A partager#Tapas#Bar à vin#Cadre sympa",""
"Le Croquis","25 Boulevard de Bonne Nouvelle, 75002 Paris, France","restaurant","","","Sans reservation#Restaurant#Bar à vin",""
"Hansel et Gretel","74 Rue Colbert, 37000 Tours, France","restaurant","Brunch à reserver !! Tout est fait maison sous nos yeux ! Franchement sur cote et rien d’extraordinaire : decevant ","2","Brunch",""
"Verjus","50 Rue du Grand Marché, 37000 Tours, France","generic","Resto bistronomique ! Excellent ! Formule du midi tres avantageuse avec carte qui change toutes les semaines ","4.5","À essayer#Ambiance#Amis#Authentique#Bistronomique#Bistrot#Carpe diem#Restaurant",""
"Dahlia","31 Rue Bretonneau, 37000 Tours, France","restaurant","Resto mediterranneen ! Excellent ! Poulpe ++ 
Service adorable et tres attentionne  ! A tester sans hesiter ! Reserver ++ ","4.5","À essayer#Carpe diem#Fancy#Mediterraneen#Restaurant",""
"Santa Lyna","96 Bd de Sébastopol, 75003 Paris, France","restaurant","","","Sans reservation#Brunch",""
"Kafkaf","7 Rue Keller, 75011 Paris, France","restaurant","Brunch ","","Sans reservation#Brunch",""
"Les Petites Bouchées","4 Rue du Roi de Sicile, 75004 Paris, France","restaurant","","","Sans reservation#À essayer#Restaurant",""
"Gibon","52 Rue Richard Lenoir, 75011 Paris, France","restaurant","Cuisine française avec bar à vin et assiettes à partager ! Note 5 /5 sur Google ! À tester ","","Sans reservation#Ambiance#Bar à vin#A partager",""
"Mimo","14 Rue de la Thibaùdière, 69007 Lyon, France","restaurant","Resto italien tres bon ! Gnocchis frits excellentes ! Excellentes saveurs italiennes! A ne pas hesiter   ","4","Ambiance#Cocktails#Italien",""
"Chez Grand-Mère","11 Rue du Boeuf, 69005 Lyon, France","restaurant","Bouchon lyonnais ! Formule qui defie toute concurrence ! Bon pour un bouchon  ","4","Authentique#Carpe diem",""
"Avant Comptoir du Marché","14 Rue Lobineau, 75006 Paris, France","restaurant","","","Sans reservation#Ambiance#Authentique#Bar à vin",""
"Le Normandy","13 Rue Custine, 75018 Paris, France","generic","Tres bon bistrot de quartier  du 18 eme ! Carte qui change tout le temps avec 2 plats au choix ! 

Formule du midi à prix imbattable : 17 e plat et dessert ","4","Authentique#À essayer#Ambiance#Bistrot#Brasserie#Excellent",""
"Alimento","9 Rue de Pontoise, 75005 Paris, France","restaurant","Brunch reservable ! Formule à 32 euros  avec plats italiens ou classiques d’un brunch : c est bon et copieux mais attente pour être servi très très long .. à voir si ça en vaut la peine","3","Brunch",""
"Princesse Café","32 Rue Bichat, 75010 Paris, France","restaurant","Brunch ","","Sans reservation#À essayer#Brunch",""
"Mala Boom","42 Rue Jean-Pierre Timbaud, 75011 Paris, France","restaurant","","","Sans reservation#Restaurant",""
"Brasserie Des Prés","6 Cr du Commerce Saint-André, 75006 Paris, France","restaurant","Brasserie la nouvelle garde ! Reserver ++ adorable et bon ","4","À essayer#Ambiance#Brasserie#Fancy#Restaurant",""
"La Crèmerie","9 Rue des Quatre Vents, 75006 Paris, France","nightclub","Bar à vin ","","Bar à vin#Authentique#A partager",""
"Chez Bartolo","7 Rue des Canettes, 75006 Paris, France","restaurant","","","Sans reservation#Restaurant#Pizza",""
"I Vascellari","Via dei Vascellari 21, 00153 Roma, Italia","restaurant","Petite adresse sympathique! Service un peu moyen mais nourriture excellente et peu chere  !
Carte de vin sympa ","4","Ambiance#Authentique#Cadre sympa#Carpe diem#Wine#Restaurant#Pasta",""
"Antica Enoteca","Via della Croce 76B, 00187 Roma, Italia","restaurant","Ambiance tres sympathique et decor adorable ! Excellent aperitivo et cuisine italienne très bonne ! Pecorino en aperitif incroyable ! Pasta a lla gricia tres bonnes","","À essayer#Authentique#Excellent#Restaurant#Specialites locales#Pizza#Pasta#Pas cher",""
"Hostaria La Botticella","Vicolo del Leopardo 39A, 00153 Roma, Italia","restaurant","Resto tres bien et à l’écart des touristes ! Tres tres bon et dame adorable ","4.5","Authentique#À essayer#Cadre sympa#Excellent#Restaurant#Specialites locales",""
"Nannarella","Piazza di San Calisto 7 A, 00153 Roma RM, Italia","restaurant","Italien excellent en plein trastevere! Tres bien ! Spritz au top et pasta 🤌🏻","4.5","Cadre sympa#Excellent#Restaurant#Specialites locales#Pas cher#Pasta",""
"Ivo a Trastevere","Via di San Francesco A Ripa 158, 00153 Roma, Italia","restaurant","Pizzeria delicieuse mais dans son jus ! Service à l’italienne : quitte ou double ! Pizza incroyable et peu chere ! Amateur as roma vous allez adorer ! Prix qui défie toute concurrence ","4.5","Authentique#À essayer#Ambiance#Cadre sympa#Pizza pas chere et top#Restaurant",""
"Cantina ripagrande","Via di San Francesco A Ripa 97, 00153 Rome Latium, Italie","generic","Excellent bar à vin","5","Bar à vin",""
"JOYA","47 Rue St Charles, 75015 Paris","restaurant","Resto italien sans grand interet ","2.5","Pizza#Pates àla truffe#Pasta#Restaurant#Italien",""
"Botza","86 Rue Botzaris, 75019 Paris, France","restaurant","Bistrot de quartier à cote des buttes chaumont: rien de plus à dire  ","3.5","Bar#Authentique",""
"Bonnie","10 Rue Agrippa d'Aubigné, 75004 Paris, France","restaurant","Rooftop","","Sans reservation#Bar",""
"404","69 Rue des Gravilliers, 75003 Paris, France","restaurant","","","Sans reservation#Authentique",""
"Mika garden","Kazinczy utca 47, Budapest 1075, Magyarország","generic","Guinguette adorable dans le quartier juif ! Tres sympa et belle ambiance","4","Bar#Ambiance#Authentique",""
"Fakanál Restaurant","1093 Budapest, IX. kerület, Vámház körút 1., Magyarország","restaurant","Halles centrales de budapest : plein de food street","3","Authentique#Restaurant#Specialites locales",""
"Horizont Cafe","1073 Budapest, VII. kerület, Erzsébet körút 13., Magyarország","restaurant","Brunch copieux et bon","3.5","Brunch",""
"Szimpla Kert","Budapest, Kazinczy u. 14, 1075 Hongrie","bar","Bar tres fancy et original ! Excellents cocktails et decos atypiques ! A faire absolument ! Festif et sympa ! Bref on adore ","4.5","Bar#Ambiance#Cadre sympa#Carpe diem#Cocktails#Festif#Fancy",""
"Il Mulino Italian Bistro","1072 Budapest, VII. kerület, Klauzál tér 13., Magyarország","restaurant","Resto italien excellent ! Tres bon et tres sympa ","4.5","À essayer#Carpe diem#Excellent#Restaurant",""
"Ildikó konyhája","1011 Budapest, District I, Fő utca 8., Hungary","restaurant","Resto typique hongrois à la bonne franquette! Situe coté buda pas loin du km 0 ! A tester et ambiance  sympa et locale ! Tres typique ","3.5","Authentique#À essayer#Restaurant#Specialites locales",""
"Cirkusz","1074 Budapest, VII. kerület, Dob utca 25., Magyarország","restaurant","Brunch tres sympa !! Mieux vaut reserver mais possible sans ! Situé dans le quartier juif ! Tres tres bon","4.5","À essayer#Authentique#Cadre sympa#Brunch#Carpe diem",""
"Alma & Körte Restaurant","1088 Budapest, VIII. kerület, Lőrinc pap tér 3., Magyarország","restaurant","Resto tres bon avec specialites locales ! Musique d’ambiance ! Tres agreable place ","4","À essayer#Ambiance#Authentique#Cadre sympa#Carpe diem#Restaurant#Specialites locales",""
"Partage Café","31 Rue Lecourbe, 75015 Paris, France","cafe","Brunch ","","Sans reservation#Brunch",""
"MORI YOSHIDA","65 Avenue de Breteuil, 75007 Paris, France","bakery","Pâtisserie à tester ","","Sans reservation#À essayer",""
"Ischia","14 Rue Cauchy, 75015 Paris, France","restaurant","Italien Cyril lignac ","","Sans reservation#À essayer",""
"Apycem","58 Rue Saint-Honoré, 75001 Paris, France","restaurant","Excellent tea time et cafe ! Patisseries maison rue st honore ","4.5","À essayer#Amis#Cadre sympa#Cafe#Carpe diem#Gouter#Tea time",""
"Café Clotilde","7 Rue de l'Hôtel Colbert, 75005 Paris, France","restaurant","","","Sans reservation#Cadre sympa#Gateaux#Gouter#Tea time",""
"Glou","101 Rue Vieille du Temple, 75003 Paris, France","restaurant","Resto. A Découvrir : carte de saison et sympa ","","Sans reservation#À essayer#Restaurant",""
"SUGO pasta fresca","16 Rue Saint-Augustin, 75002 Paris, France","restaurant","Resto italien tres bon ! Pasta uniquement et faites maison ! Adresse à reserver ++ et à ne pas hesiter ! Des pastas qui attisent les papilles   

Prix tres attractifs ","4.5","Italien#Restaurant#Authentique",""
"Patron (Pasta Oro Boulogne)","100B Avenue Victor Hugo, 92100 Boulogne-Billancourt, France","restaurant","Restaurant Italien tres bon ","4.5","À essayer#Authentique#Excellent#Restaurant",""
"Mano","46 Rue de l'Ancienne Mairie, 92100 Boulogne-Billancourt, France","restaurant","","","Sans reservation#À essayer",""
"De Bottelier","Sint-Jakobsstraat 63, 8000 Bruges, Belgique","restaurant","Resto excellent avec un decor tres chouette ! Repas tres bon ! ","4.5","À essayer#Amis#Cadre sympa#Excellent#Restaurant",""
"Carpe Diem","Wijngaardstraat 8, 8000 Bruges, Belgique","restaurant","Excellente boulangerie et tea room","4","À essayer#Authentique#Carpe diem#Boulangerie",""
"Le Clan des Belges","Rue de la Paix 20, 1050 Elsene, België","restaurant","Resto typique belge avec place adorable ! Ne pas prendre les moules ","3","À essayer#Authentique#Cadre sympa#Carpe diem#Restaurant",""
"café club","Rue de l'Aqueduc, 1050 Ixelles, Belgique","generic","Bar tres JCD avec excellents cocktails’!
Se transforme en club ","4","À essayer#Ambiance#Amis#Authentique",""
"Serpent A Plume","24 Place des Vosges, 75003 Paris, France","nightclub","Bar au -1 de jazz tres atypique et festif  ","","Bar",""
"La Mangerie","7 Rue de Jarente, 75004 Paris, France","restaurant","Ambiance très sympa ! Grande tablée pour manger de délicieux tapas ! Decor tres mimi 
Sympa et shot offert à l’arrivee  ","4.5","À essayer#Authentique#Cadre sympa#Carpe diem#Cocktails#Tapas",""
"Bleu Bao","8 rue Saint-Lazare ,  Paris 75009","restaurant","Bao de la famille du Grobao ! Tres sympa et l avantage est qu’il est reservable","4.5","À essayer#Ambiance#Authentique#Bao",""
"Galopins","17 Rue Paul Bert, 92100 Boulogne-Billancourt, France","restaurant","Tres bon resto de viandes ! Tres copieux ","3","À essayer#Authentique#Carpe diem#Excellent#Restaurant#Viandes",""
"uni vert","97460 Saint-Gilles les Bains, La Réunion","generic","Beach bar tres tres bien ","4","À essayer#Ambiance#Amis#Authentique#Bar#Beach club#Cadre sympa#Carpe diem#Cocktails#Fancy#Vue mer",""
"DCP","Saint-Gilles-les-Bains, Saint-Paul, Réunion, Réunion","generic","Tres bon resto local de poissions ","4.5","À essayer#Authentique#Restaurant#Poisson#Vue mer",""
"casa Bella","Port Saint-Gilles, 97434 Saint-Paul, Réunion","generic","Bar a tapas ideal pour sunset ","5","Ambiance#À essayer#Amis#Authentique#Bar#Tapas",""
"Chez Marie","Port de Plaisance, 97434 Saint-Paul, Réunion","restaurant","Resto de poisson au bord du port avec les produits de la peche. Tres bon et repas simple","3.5","À essayer#Ambiance#Amis#Authentique#Poisson#Restaurant",""
"La Case Volcan","123 Route Nationale 2 Le Tremblet, 97442 Saint-Philippe, La Réunion","restaurant","EXCELLENT ! Idée géniale et originale ! Tres tres bob et local ! Ideal pour la route des laves ","5","Authentique#Ambiance#À essayer#Restaurant",""
"SNACK Le Marla","GR1 - GR2 - GR3, 97460 Saint-Paul, La Réunion","restaurant","THE PLACE TO BE pour dormir pour des journees de rando","4.5","Authentique#Amis#Ambiance#À essayer#Cadre sympa#Carpe diem#Cocktails#Restaurant",""
"LE BADAMIER","52 Route du Trou d'Eau, 97460 Saint-Gilles les Bains, La Réunion","lodging","Resto bord de plage italien tres sumpa ","4","À essayer#Amis#Cadre sympa#Carpe diem#Fancy#Excellent#Restaurant",""
"La Rivièra du Bocage (Le Bocage)","Chemin Bocage, 97441 Sainte-Suzanne, Réunion","restaurant","Resto tres fancy et tres local","4.5","À essayer#Ambiance#Authentique#Amis#Cadre sympa#Carpe diem#Fancy#Excellent#Restaurant#Specialites locales",""
"Au Badamier","19 Mail de Rodrigues, 97460 Saint-Gilles les Bains, La Réunion","restaurant","Tres bon resto sur terrasse ! ","4","Amis#Authentique#Ambiance#À essayer#Cadre sympa#Carpe diem",""
"Hoct&Loca","99 Rue de la Verrerie, 75004 Paris, France","restaurant","Excellent brunch : bar à chocolat avec une dégustation de 6 chocolats pour en savourer 2 en glace ou en chocolat chaud !
Tres copieux 
Reservable  !! ","4.5","À essayer#Carpe diem#Brunch",""
"Hugo & Co","48 Rue Monge, 75005 Paris, France","restaurant","Très très bon gastro : cuisine française
Délicieux
À tester sans hésiter ","4.5","À essayer#Ambiance#Amis#Authentique#Bistronomique#Carpe diem#Excellent#Fancy#French cook#French cook",""
"ARBELA 10 - Bar à vins & tapas","49 Rue de l'Échiquier, 75010 Paris, France","nightclub","Bar à vin et tapas du chef juan ","4.5","À essayer#Ambiance#Amis#Authentique#Bar à vin#Cadre sympa#Wine#Tapas#Restaurant",""
"Mademoiselle Amande","14 Rue Saulpic, 94300 Vincennes, France","supermarket","Brunch à tester : reservable via tel","","Sans reservation#Brunch#Cadre sympa#Cafe",""
"Gramme","86 Rue des Archives, 75003 Paris, France","restaurant","Brunch très sympa ","","Sans reservation#Brunch",""
"Starving Club","11 Bd Pasteur, 75015 Paris, France","restaurant","Endroit très sympa et cocktails délicieux ! Petite carte adorable! Idéal pour boire un verre intimiste ou aw !  Belle découverte ","4.5","À essayer#Ambiance#Amis#Authentique#Bar#Cadre sympa#Cocktails#Excellent#Fancy#Wine",""
"Judy","18 Rue de Fleurus, 75006 Paris, France","restaurant","Brunch près de Luxembourg ","","Sans reservation#Brunch",""
"lucien Legrand","1 Rue de la Banque, 75002 Paris, France","generic","Super bar à vin dans la galerie Vivienne ","","Sans reservation#Bar à vin",""
"De Saison","5 Rue de Damiette, 75002 Paris, France","nightclub","Bar à vin à sentier ","4.5","Authentique#Bar#Carpe diem#Bar à vin",""
"L'Ivress","7 Rue du Croissant, 75002 Paris, France","nightclub","Bar à vin à sentier ! Pas mal","4","Bar à vin#Authentique",""
"Noûsh","60 Rue Saint-Lazare, 75009 Paris, France","restaurant","EXCELLENT resto ! Adorable le service et plats delicieux ! Tapas miam.  Super decouverte à cote de st lazarre","4.5","À essayer#Authentique#Cadre sympa#Carpe diem#Cocktails#Restaurant#Excellent",""
"Totti","77 Boulevard de Courcelles, 75008 Paris, France","restaurant","Bon italien : tres copieux mais un peu cher","4","À essayer#Restaurant#Italien",""
"L'Etable","121 Rue Colbert, 37000 Tours, France","restaurant","Très bon resto type cuisine française ","4.5","Amis#Authentique#À essayer#Bistrot#Cadre sympa#Carpe diem",""
"Chez Tonton","8 Place de Châteauneuf, 37000 Tours, France","restaurant","Bistrot francais tres bon","4.5","À essayer#Amis#Bistrot",""
"L'Impasse","4 Cité Griset, 75011 Paris, France","nightclub","Bar top si groupe à réserver ! Se transforme en soiree apres 00h ","4","Amis#Authentique#Bar#À essayer#Ambiance",""
"BBP Canal","47 Rue Bichat, 75010 Paris, France","restaurant","Brasserie belge avec plein de bieres differentes ! A cote du canal
","3.5","Bar#À essayer#Amis#Brasserie",""
"Barricot","8 Esplanade Compans Caffarelli, 31000 Toulouse, France","restaurant","Brunch à volonté dans l’hotel mercure : 35 euros en illimite ! Excellent et un regal ! Reserver++","4.5","À essayer#Cadre sympa#Brunch",""
"Ma Biche Sur Le Toit","4-8 Rue du Lieutenant-Colonel Pélissier, 31000 Toulouse, France","restaurant","Rooftop’super veua ","4.5","Ambiance#Amis#Authentique#À essayer#Bar#Cadre sympa#Carpe diem#Cocktails#Restaurant#Rooftop",""
"Sauvage Social Pub","11 Place Étienne Esquirol, 31000 Toulouse, France","nightclub","Bar tres fancy et top ! On adore ! Bar festif au coeur de la ville rose ","5","À essayer#Ambiance#Amis#Authentique#Bar#Cadre sympa#Carpe diem#Cocktails#Fancy",""
"Baba Canteen","26 Rue des Couteliers, 31000 Toulouse, France","restaurant","Tres bon coffee shop","4.5","Cadre sympa#Cafe",""
"Tigermilk","77 Rue d'Aboukir, 75002 Paris, France","restaurant","Resto méxicain à sentier ! Pas mal","3","À essayer#Ambiance#Cadre sympa#Restaurant#Mexicain",""
"Alma","10 rue mandar, Paris 75002","restaurant","Resto de tapas corse ! Délicieux  !  ","4","Ambiance#À essayer#Amis#Authentique#Cadre sympa#Tapas",""
"Chez Papa","6 Rue Gassendi, 75014 Paris, France","restaurant","Resto avec specialités du sud ouest à Gaité! Tres fat et copieux! Plats réconfortants","3","À essayer#Ambiance#Authentique#Restaurant#Basque",""
"Brunchit - Malasaña Madrid","Calle de Noviciado, 12, 28015 Madrid (Madrid), España","restaurant","Excellent brunch, très copieux : pas de resa possible ","4.5","Amis#À essayer#Brunch#Cadre sympa#Carpe diem",""
"Areia Colonial Chill Out","Calle de Hortaleza, 92, 28004 Madrid, Espagne","nightclub","Bar à cocktails et dansant !! DJ le we ! Décor très sympa ","4","Bar#Festif#Fancy",""
"Lost grill","Calle de Barbieri, 11, 28004 Madrid (Madrid), España","generic","Resto de viande à la découpe à la chueca! Resto au theme jungle ! Excellents cocktails et viandes un delice ","4.5","Ambiance#À essayer#Amis#Cadre sympa#Carpe diem#Cocktails#Fancy#Restaurant","https://images.mapstr.com/2b7261016e32f6b129702df86ec136c7_customPlacePhoto.jpg"
"Lateral Fuencarral","Calle Fuencarral, 43, 28004 Madrid, Madrid, Espagne","restaurant","Resto à tapas ","4","À essayer#Ambiance#Carpe diem#Specialites locales",""
"Mercado San Antón","Calle de Augusto Figueroa, 24, 28004 Madrid, Espagne","parking","Marché avec plein de petits restos tres sympas !","4","Ambiance#À essayer#Amis#Authentique#Food truck",""
"Lettera Trattoria Moderna","Calle de la Reina, 20, 28004 Madrid (Madrid), España","restaurant","Resto italien tres bon ! ","4.5","À essayer#Restaurant#Italien",""
"Medium Club","Calle del Pez, 18, 28004 Madrid, Espagne","restaurant","Bar à cocktail à thème medium ! Supers cocktails originaux ! Tres fancy on adore ! Medium presente ","4.5","À essayer#Ambiance#Amis#Authentique#Cadre sympa#Carpe diem#Cocktails#Fancy#Excellent#Original",""
"Ángel Sierra (Taberna Angel Sierra)","Calle de Gravina, 11, 28004 Madrid (Madrid), España","wine","Pub à folle ambiance tres authentique !! ","3","Authentique#Bar",""
"Vi Cool","Calle de las Huertas, 12, 28012 Madrid, Espagne","restaurant","Excellent ! Menu à 15 euros tres copieux et tres bon! Je reco +++ ","4.5","À essayer#Ambiance#Amis#Authentique#Specialites locales#Restaurant",""
"Cava Baja 17","Calle de la Cava Baja, 17, 28005 Madrid (Madrid), España","restaurant","Bar à tapas dans le quartier latinas ! Tres bon ! Je recommande ","4.5","Cadre sympa#Carpe diem#Authentique#Amis#À essayer#Specialites locales#Tapas",""
"Makkila","Calle de Fernando VI, 2, 28004 Madrid, Espagne","restaurant","Local et fancy ! Nourriture tres bon ! On valide ++ Pas loin de la chueca ","4.5","À essayer#Ambiance#Amis#Authentique#Restaurant#Specialites locales",""
"Specia Atellier Bar","Calle Prado del Rey, 28223 Pozuelo de Alarcón (Madrid), España","wine","Bar à cocktail dans le quartier de la chueca ! On adore ambiance incroyable et super musique ! Excellents cocktails","4.5","Bar#Authentique#Amis#Ambiance#À essayer",""
"Circo de las Tapas","Calle Corredera Baja de San Pablo, 21, 28004 Madrid, Espagne","restaurant","Bar à tapas avec decos tres atypiques et sympas ","4","À essayer#Tapas#Specialites locales#Restaurant#Carpe diem#Authentique#Amis#Ambiance",""
"Misión Café","Calle de los Reyes, 5, 28015 Madrid, Espagne","cafe","Cafe ! Tres bon et super sympa ","4.5","Cafe#Cadre sympa",""
"Ojalá","Calle de San Andrés, 1, 28004 Madrid, Espagne","nightclub","Tres bon et fancy ! Brunch possible et delicieux ","4","À essayer#Ambiance#Amis#Authentique#Brunch#Carpe diem#Fancy#Pas cher#Mexicain#Restaurant",""
"Bazurto","5 Rue de l'Ancienne Comédie, 75006 Paris, France","restaurant","Restaurant colombien de juan arbelaez.  2 types de menu à 59 euros ou 79 euros 
Empanadas très bonnes 

Plat au choix cuit à la braise : poulpe ++
Dessert tiramisu au rhum colombien : délice et original car sucré et salé 

Petit tips se transforme en bar festif avec DJ des 23h ","4","À essayer#Ambiance#Amis#Authentique#Colombien#Carpe diem#Cadre sympa#Cocktails#Restaurant#Wine#Festif",""
"Mamacita","14 Rue Rougemont, 75009 Paris, France","restaurant","Resto mexicain près de Grands Boulevards ! Très bonne nourriture ! Resto à ambiance en fin de semaine ! Loca loca ","4","À essayer#Ambiance#Amis#Authentique#Mexicain#Carpe diem#Fancy#Restaurant",""
"Les Bons Vivants","5 Rue Longue, 69001 Lyon, France","restaurant","Resto typique du bon vivant ! Resto de viandes++ tres bon! Cuisine classique tres bonne 
","4","Amis#À essayer#Ambiance#Carpe diem#Excellent#Viandes#Wine",""
"Kiwa Cafe","3 Quai Antoine Riboud, 69002 Lyon, France","restaurant","Cafe coréen adorable et délicieux face à la saone  ! ","4","À essayer#Amis#Authentique#Cafe#Cadre sympa",""
"Pignouf","22 Rue Chevreul, 69007 Lyon, France","restaurant","Buns sandwich tres sympas et bons ! Cela
Fait aussi bar","4.5","À essayer#Ambiance#Authentique#Cadre sympa#Bar",""
"skepsi","35 Rue Chevreul, 69007 Lyon, France","generic","Tres bon grec : possibilité de prendre à emporter ","4.5","À essayer#Greek#Excellent",""
"Mamine Batignolles","19 Rue des Dames, 75017 Paris, France","restaurant","","","Sans reservation#À essayer",""
"A l'Angle","2 Rue Poissonnière, 75002 Paris, France","restaurant","Bar idéal pour privatisation ( près de Grands Boulevards) pas de caution et sous sol entièrement privatif ","4","Bar#Authentique#Carpe diem",""
"Chez Minnà","20 Rue d'Hauteville, 75010 Paris, France","restaurant","Restaurant corse pres de bonne nouvelle ! Tres tres bon et ambiance super sympa! ","4.5","Amis#Authentique#Bar#Corse#À essayer#Ambiance#Carpe diem#Excellent#Restaurant",""
"SABLES","35 BIS Rue Jean de la Fontaine, 75016 Paris, France","restaurant","","","Sans reservation#À essayer#Bistrot",""
"Le Standard","1 Boulevard du Montparnasse, 75006 Paris, France","restaurant","Bar très sympa et très joli décor ! ","3.5","Authentique#Bar#Carpe diem#Cadre sympa#Cocktails#Fancy",""
"Sunday In Soho","7 Rue Saint-Marc, 75002 Paris, France","cafe","Tres bon brunch excellent : formule à 29 e un plat sucre et un plat sale et une boisson chaude et une boisson froide! Reservable ! Recommande ++ ","5","À essayer#Cadre sympa#Brunch#Cafe#Carpe diem",""
"Café Ella","85 Rue de la Convention, 75015 Paris, France","restaurant","Brunch à tester ","","Sans reservation#À essayer#Brunch",""
"Je Thè... Me","4 Rue d'Alleray, 75015 Paris, France","restaurant","Resto tres bon avec une ambiance superbe et bistrot dans le 15 eme ! Dans une ancienne épicerie ! Plats type bistrot mais vraiment un delice ! Une ambiance tres conviviale avec un propriétaire  haut en couleur passionne !

Un peu cher ","4.5","Ambiance#Amis#Authentique#Bistrot#Carpe diem#Cadre sympa#Restaurant#Wine",""
"Restaurant Biscotte","22 Rue Desnouettes, 75015 Paris, France","restaurant","","","Sans reservation#À essayer",""
"Les Pères Siffleurs","15 Rue Gerbert, 75015 Paris, France","restaurant","Bistronomique dans le 15 eme recommandé ++ à tester avec carte qui change selon les arrivages et bonnes cartes de vin ! Petit + digestif offert à la fin","","À essayer#Authentique#Amis#Ambiance#Bistrot#Bistronomique",""
"Jungle palace","12 Rue de la Fidélité, 75010 Paris, France","restaurant","Resto ephemera : si vous souhaitez voyager et prendre un bol d’air frais : direction la jungle !! Resto à theme jungle tres sympa et decor tres chouette ! Nourriture bonne mais sans plus ! Y aller pour le concept ! Réserver ++ ","4","Ambiance#Amis#Cadre sympa#Carpe diem#Cocktails#Fancy#Restaurant#Original#Resto à theme",""
"Arbela 92","3 Rue d'Aguesseau, 92100 Boulogne-Billancourt, France","restaurant","Bar à tapas Laury thileman ","","Sans reservation#Bar à vin#À essayer",""
"Tonton Foch","4 Boulevard du Maréchal Foch, 49100 Angers, France","cafe","Brunch correct mais sans plus ","2.5","Brunch#Carpe diem",""
"La Chouette","7 Place du Ralliement, 49100 Angers, France","generic","Cafe tres sympa avec un joli decor mais service qui laisse à desirer ","3","Authentique#Bar#Cafe",""
"Podium Bistrot Disco","2 Rue Linois, 75015 Paris, France","restaurant","Bistrot tres sympa à cote de beaugrenelle ! Menu à 40 e ( entree plat dessert) tres copieux et delicieux !! Resto qui au 2 eme service devient un bar dansant au theme disco ! Si vous aimez abba et mylene farmer : ideal pour vous!! Theme disco++ ! Ferme à 2 h ! Resto de Glen Viel présent le lundi et mardi : amateurs de top chef allez y ","4","À essayer#Ambiance#Bistrot#Fancy#Excellent#Carpe diem#Restaurant",""
"Mamie Fada","18 Quai des Carmes, 49100 Angers, France","restaurant","Super resto, service au top !  cocktail ++ et super plats je reco ++ ","4.5","Bar à vin#À essayer#Amis#Authentique#Carpe diem",""
"Crêperie Du Château","21 Rue Saint-Aignan, 49100 Angers, France","restaurant","Tres bonne creperie à cote du chateau ","4","Crepes#Excellent",""
"Chez Marguerite","7 Rue Pocquet de Livonnières, 49100 Angers, France","restaurant","Salon de the avec pâtisseries excellentes avec un chocolat chaud exquis! A y aller pour un petit plaisir sucre ","4.5","Cafe#Excellent#Fancy#Salon de the",""
"Café Bohème","19 Boulevard Edgar Quinet, 75014 Paris, France","restaurant","Bar sympa et cocktails aussi ! ","3.5","Amis#Authentique#Ambiance#Bar#Cadre sympa",""
"Neuvième Cru","20 Rue Richer, 75009 Paris, France","restaurant","Resto italien ! Raffiné et ambiance cosy ! À réserver ++ ","","Sans reservation#À essayer#Italien",""
"Cantinella","30 Rue du Faubourg Saint-Jacques, 75014 Paris, France","restaurant","Italien dans le 14 eme ","","Sans reservation#À essayer",""
"Under The Sea Restaurant - Ephemera","1 Rue du 4 Septembre, Issy-les-Moulineaux 92130","restaurant","Ephemera : resto immersif océan ! Univers tres sympa et nourriture pas mal ! Que du poisson en plat ! A cote de la BNF! ","3.5","À essayer#Ambiance#Cadre sympa#Carpe diem#Fancy#Fruits de mer",""
"Stellar - Ephemera","45 Rue Saint-Sébastien, Paris 75011","restaurant","Plus sympa à regarder (ephemera thème espace) et excellents decors mais nourriture vraiment pas folle … je ne conseille que pour les influenceurs 🥹 ","2","Cadre sympa#Restaurant#Resto à theme",""
"Caves Saint-Gilles","4 Rue Saint-Gilles, 75003 Paris, France","restaurant","Bar a tapas dans le 3 eme ","","Sans reservation#À essayer",""
"BRASSERIE ROSIE LOU","31 Boulevard de Bonne Nouvelle, 75002 Paris, France","restaurant","Brasserie tres sympa style biarritz ( la petite soeur de brasserie lou) ! Coquillettes à la truffe un délice !! Située à bonne nouvelle ( à cote des théâtres) ","4.5","À essayer#Restaurant#Ambiance#Amis#Authentique#Brasserie#Carpe diem#Cadre sympa",""
"Partage Brasserie","79 Rue Didot, 75014 Paris, France","restaurant","Le midi ++ avec plat dessert à 20 euros ou formule entree plat desserrt à 26 e 

Vraiment tres tres bon ! Brasserie délicieuse avec produits locaux !! A y aller sans hesiter  ","5","Carpe diem#Brasserie#Amis#Authentique#Bistrot#Excellent#Restaurant#Péruvien#Pas cher",""
"L'Entrepôt","7 Rue Francis de Pressensé, 75014 Paris, France","restaurant","","","Sans reservation#À essayer",""
"Marrow","128 Rue du Faubourg Saint-Martin, 75010 Paris, France","restaurant","","","Sans reservation#À essayer",""
"Papy aux Fourneaux","70 Rue de l'Ouest, 75014 Paris, France","restaurant","Restaurant au concept très friendly : plats français à partager dans des marmites ! Idée de repas de famille le dimanche ! Très bon et ambiance conviviale ! Endroit animé ! Good vibes  ","4","À essayer#Amis#Authentique#Brasserie#Cadre sympa#Carpe diem#French cook#French cook#Parfait pour l’hiver ou pluie#Restaurant",""
"HuThoPi","53 Rue de Charenton, 75012 Paris, France","restaurant","Note 5✨","","Sans reservation#À essayer",""
"le petit atelier","21 Rue du Change, 37000 Tours, France","generic","Coffee shop place château neuf ","4.5","Cafe#Cadre sympa",""
"La Taverne de Zhao","16 Rue Saint-Augustin, 75002 Paris, France","restaurant","Nouilles incroyables : pas de réservation possible ","","Sans reservation#À essayer#Authentique",""
"Caillebotte","8 Rue Hippolyte Lebas, 75009 Paris, France","restaurant","","","Sans reservation#Carpe diem#Brasserie",""
"Coretta","151 bis Rue Cardinet, 75017 Paris, France","restaurant","","","Sans reservation#À essayer",""
"Andia","19 Chaussée de la Muette, 75016 Paris, France","restaurant","","","Sans reservation#Ambiance",""
"Plantxa","58 Rue Gallieni, 92100 Boulogne-Billancourt, France","restaurant","Resto de juan Arbelaez","","Sans reservation#Ambiance#À essayer",""
"Magniv restaurant","37 bis Rue du Sentier, 75002 Paris, France","restaurant","Excellent resto israélien !  Cuisine à partager délicieuse ! Je reco ++ 

Info : resto fermé … ","5","À essayer#Ambiance#Authentique#Amis#Carpe diem#Cocktails#Fancy#Excellent#Mediterraneen#Restaurant#Specialites locales",""
"pipelettes du boulevard","Boulevard Poissonnière, 75009 Paris, France","generic","Bar a bonne nouvelle : HH","1","À essayer#Amis#Bar",""
"The Hoxton Paris","30-32 Rue du Sentier, 75002 Paris, France","lodging","Bar très sympa avec de bons cocktails en face du metropole","4.5","À essayer#Ambiance#Authentique#Bar#Cocktails#Fancy",""
"Paula","33 Rue Charles Gille, 37000 Tours, France","cafe","Excellent brunch près de la gare !! ","5","Brunch",""
"Château de l'Aulée","287A Laulée, 37190 Azay-le-Rideau, France","wine","Dégustation de vin de Loire ","4","À essayer#Amis#Wine",""
"Les Affranchis","28 Boulevard Voltaire, 75011 Paris, France","nightclub","Bar à Oberkampf ! Très bonne ambiance ! Service au comptoir ","4","À essayer#Ambiance#Bar",""
"Hallernes Smørrebrød","Kongens Nytorv 13, 1050 Copenhagen K, Denmark","restaurant","Smorrebroad typique d’ici ","3.5","Amis#Authentique#Specialites locales",""
"Conditori La Glace","Skoubogade 3, 1158 København K, Danmark","restaurant","Salon de thé très typique et connu d’ici ! A faire ++","4","À essayer#Authentique#Cafe#Carpe diem#Cadre sympa#Excellent#Salon de the",""
"Lagkagehuset","Frederiksberggade 21, 1459 København K, Danmark","supermarket","Boulangerie avec spécialités danoises ","3.5","Boulangerie#Cafe",""
"Torvehallerne","Frederiksborggade 21, 1360 København K, Danmark","monument","Marche couvert avce plein de choix dont smorrebroad","3.5","À essayer#Ambiance#Authentique#Marche couvert#Excellent",""
"Original Coffee Illum","Østergade 52, 1100 Copenhagen K, Denmark","cafe","Coffee shop en plein centre avec super vue rooftop","4","Amis#Authentique#Cafe",""
"GRUPPOMIMO - Paris 2 ","157 Rue Montmartre, 75002 Paris, France","restaurant","Restaurant italien gruppomimo très sympa et super ambiance ! Penser à réserver ! Emplacement à Grands Boulevards ","4.5","Ambiance#Authentique#Carpe diem#Excellent#Fancy#Italien#Pasta#Pates àla truffe#Pizza#Restaurant",""
"The Long Hop","25 Rue Frédéric Sauton, 75005 Paris, France","generic","Pub anglais idéal pour les matchs de rugby ! Bonne ambiance ","4","Ambiance#Carpe diem#Happy hour#Pub",""
"Chez Gladines","11 bis Rue des Halles, 75001 Paris, France","restaurant","Très bon brunch avec différentes formules aux halles ! Gros point positif : reservable !! On ne peut que recommander ! ","4.5","Brunch",""
"Au Père Louis","38 Rue Monsieur le Prince, 75006 Paris, France","restaurant","Bar à vin près d Odeon ","3.5","À essayer#Bar#Bar à vin",""
"Verlet","256 Rue Saint-Honoré, 75001 Paris, France","restaurant","Salon de thé très bon ! Chocolat chaud ++et pâtisseries","4.5","À essayer#Authentique#Cafe#Salon de the",""
"UNO","37 Rue Berger, 75001 Paris, France","restaurant","Italien sympa à côté des halles ! Polpettes délicieuses ","4.5","À essayer#Ambiance#Amis#Authentique#Italien#Pizza#Restaurant#Pasta",""
"Le Nul Part Ailleurs","3 Rue du Haut-Pavé, 75005 Paris, France","cafe","Bar corse très atypique et avec du caractère ","3.5","À essayer#Ambiance#Amis#Authentique#Bar",""
"Babil","24 Rue de la Huchette, 75005 Paris, France, 75005 Paris, France","generic","Bar à vin très très cool en plein sT Michel ! Recommande +++","5","À essayer#Ambiance#Amis#Authentique#Bar#Wine",""
"Brique Machine - Brique House","161 Rue Montmartre, 75002 Paris, France","beer","Décor arcade avec pizza et hamburger spécialiste de bières ! Pas mal mais sympa juste pour le décor ","2.5","À essayer#Ambiance#Amis#Cadre sympa#Carpe diem#Restaurant#Pizza",""
"Butlers Chocolate Experience","Dublin, County Dublin, 17, Ireland","cafe","Excellente chocolaterie et chocolat chaud divin ","4","À essayer#Ambiance#Cafe",""
"Dunne And Crescenzi","Frederick Street South, Dublin, County Dublin, 2, Ireland, Dublin, County Dublin, 2, Ireland","generic","Restaurant italien à côté de trinity ","4.5","À essayer#Authentique#Carpe diem#Pasta#Restaurant#Wine#Italien",""
"Gravity Bar","Guinness Storehouse, St. James's Gate, Dublin 8, D08 VF8H, Ireland","restaurant","Bar au Guinness storage avec vue panoramique ","4","À essayer#Ambiance#Amis#Bar",""
"Al Vesuvio Restaurant","Temple Bar, Dublin 2, D02 C958, Ireland","restaurant","Restaurant italien en plein cœur du template bar ! Très bon ! Divines pastas dans un quartier sympa ","3.5","À essayer#Ambiance#Amis#Authentique#Pasta#Restaurant",""
"Aqua Restaurant","1 West Pier, Howth, Co. Dublin, D13 H2V4, Ireland","generic","Excellent restaurant de poisson ! Soupe de poisson et fish and chips à tester++

Cadre incroyable sur la baie de Howth : reserver de préférence ","4.5","À essayer#Ambiance#Authentique#Carpe diem#Cadre sympa#Excellent#Fruits de mer#Moules#Lobster#Restaurant#Vue panoramique#Vue mer",""
"The Temple Bar Pub","3 Temple Bar, Dublin, County Dublin, D02 C958, Ireland","fastfood","THE PUB de dublin dans Le célèbre quartier template bar ! Bar très très blindé mais ambiance garantie ","3.5","À essayer#Ambiance#Amis#Bar#Brasserie",""
"The Church Fare","May Lane, Dublin, County Dublin, 7, Ireland","supermarket","Bar dans une ancienne église ! Très stylé et belle ambiance ","4.5","À essayer#Ambiance#Authentique#Bar",""
"Bloom Sushi","99 Rue Jouffroy d'Abbans, 75017 Paris, France","restaurant","Excellent endroit à sushi : végétalien ! ","4","Sushi#Japan",""
"Restaurant A la Traboule","3 Place du Gouvernement, 69005 Lyon, France","restaurant","Street food en mode félicita avec produits locaux de circuit court","3.5","À essayer#Specialites locales#Street food",""
"Fresco Glacier","29 Quai Saint-Antoine, 69002 Lyon, France","restaurant","Bonnes glaces à côté d’hôtel Dieu ","","Glace",""
"The Rambler","7 Rue Pizay, 69001 Lyon, France","bar","Bar /club à cocktails ! Très bonne ambiance et musique ","","À essayer#Ambiance#Carpe diem#Excellent#Cocktails",""
"Bar Le Vieux Château","6 Bis Rue du Président Merville, 37000 Tours, France","generic","Bonne brasserie près de plume ","3.5","À essayer#Ambiance#Brasserie",""
"La Ptite Maiz","53 Place du Grand Marché, 37000 Tours, France","generic","Bar très sympa et bobo ! Bières locales et gin to tourangeaux ","4","À essayer#Ambiance#Amis#Bouillon#Bar",""
"La Clinique Du Street Art","33 Rue Lavoisier, Tours 37000","generic","Lieu haut en couleur ! Dans l’ancienne clinique sT gatien des artistes de street art ont envahi les lieux pour créer un bar tres cosy avec expo ! Ambiance garantie et tres originale","4.5","Ambiance#À essayer#Amis#Authentique#Carpe diem#Street art",""
"La Loutre Bar","46 Rue Jean-Pierre Timbaud, 75011 Paris, France","bar","Très bon bar à cocktail ! Excellent cocktail « anti-inflation » au gin ","4.5","À essayer#Ambiance#Amis#Authentique",""
"Trattoria Carmen","Ul. kneza Damjana Jude 10, 20000, Dubrovnik, Croatie","restaurant","Excellent resto italien ","","À essayer#Ambiance#Amis#Restaurant#Pasta#Italien",""
"Yatai Ramen Chateaudun","17 Rue de Châteaudun, 75009 Paris, France","restaurant","Ramen à la déco sympa !
","","À essayer#Ramen#Authentique",""
"Food Society Paris Gaîté","68 Avenue du Maine, Paris 75014","restaurant","Dans le même mood que la FÉLICITA mais version cuisine du monde ! A deux pas de montpar ! Une belle découverte très sympa","4","Amis#Ambiance#Carpe diem#Fancy#Food truck#Parfait pour l’hiver ou pluie#Street food",""
"Kavana Dubravka","Brsalje ul. 1, 20000, Dubrovnik, Croatie","restaurant","Très bon resto à côté des remparts ","4","À essayer#Authentique#Ambiance#Vue mer#Specialites locales#Pizza#Pasta",""
"Restaurant Levanat","Šetalište Nika i Meda Pucića 15, 20000, Dubrovnik, Croatie","restaurant","Restaurant idéal pour admirer le sunset ! Vue mer exceptionnelle!! La regalade ! ","4","À essayer#Ambiance#Amis#Authentique#Cadre sympa#Cocktails#Carpe diem#Fruits de mer#Pasta#Pates àla truffe#Restaurant#Specialites locales#Vue panoramique#Vue mer",""
"Boccapiena","Ulica od puča 3 20000 Dubrovnik Croatia","generic","Très bon glacier ","4","À essayer#Carpe diem#Glace",""
"Dalmatino Hvar","Sveti Marak 1, 21450, Hvar, Croatie","restaurant","Excellent restaurant sur une place à l’abri des regard ! Service vraiment impeccable ! Un bonheur gustatif ","4.5","À essayer#Ambiance#Authentique#Cadre sympa#Pasta#Restaurant#Specialites locales",""
"Lola Split","Ulica Mile Gojsalić 1 21000 Split Croatia","generic","Excellent resto avec cuisine méditerranéenne !! Vraiment top","4.5","À essayer#Ambiance#Cadre sympa#Excellent#Specialites locales",""
"Palace Judita Heritage Hotel","Narodni trg 4, 21000, Split, Croatia","lodging","Magnifique bar à cocktails ! Cadre idyllique et superbes cocktails ! Tout ce qu’on aime","5","À essayer#Bar à vin#Bar#Carpe diem#Cadre sympa#Cocktails",""
"Calebotta","21220, Gradska ul. 23, 21220, Trogir, Croatie","restaurant","Excellent restaurant
Conseil demander à manger au garden","4.5","À essayer#Ambiance#Amis#Authentique#Restaurant#Poisson#Pates àla truffe#Pasta#Specialites locales",""
"Restaurant Pjat","Stomorica ul. 10, 23000, Zadar, Croatie","restaurant","Restaurant typique mais moins bien que canzona… ","","À essayer#Ambiance#Authentique#Restaurant",""
"Restoran Canzona","Stomorica ul. 8, 23000, Zadar, Croatie","restaurant","Restaurant très bon avec saveurs vénitiennes et dalmatiennes ! Un bonheur gustatif ","4.5","À essayer#Ambiance#Authentique#Cadre sympa#Cocktails#Pates àla truffe#Pasta#Restaurant",""
"Deja Brew Pub Zadar","Borelli ul. 8, 23000, Zadar, Croatie","bar","Bar que je recommande : très local et moins touristique qu ailleurs ","","À essayer#Ambiance#Amis#Authentique#Bar",""
"La Struk","Skalinska ul. 5, 10000, Zagreb, Croatie","restaurant","Spécialités locales dans un endroit très sympa ! Très sympa ","","À essayer#Authentique#Excellent#Pates àla truffe#Specialites locales#Restaurant",""
"Bonita","10000 Zagreb Croatie","generic","Bar très sympa sur une place coool","4","Ambiance#Bar",""
"Gruppomimo-Restaurant Italien","7 Rue de l'Église 92100 Boulogne-Billancourt France","generic","Sympa ! Resto italien ! A réserver ++ ! Super foccacia à la truffe ","4","Restaurant#Cocktails#Carpe diem#Italien",""
"Le Grand Large","Avenue Pasteur Prolongée, 34540 Balaruc-les-Bains, France","restaurant","Excellent restaurant vue sur l’étang de Thau. Restaurant de poissons et coquillages selon l’arrivée de la pêche du matin. Excellent et recommandé pour les amoureux des mets maritimes. ","4.5","À essayer#Ambiance#Excellent#Fruits de mer#Lobster#Restaurant#Poisson#Vue mer#Specialites locales",""
"Carré Mer","Plage de Maguelone, 34750 Villeneuve-lès-Maguelone, France","restaurant","Excellent beach club avec une cuisine raffinée et très bonne ! A réserver++
Au bord de l eau ","4.5","Ambiance#Restaurant#Poisson#Vue mer#Vue panoramique",""
"Les Bons Amis","Place des Bons Amis, 34500 Béziers, France","generic","Restaurant très sympa ","4","À essayer#Ambiance#Amis#Authentique#Cadre sympa#Carpe diem#Fruits de mer#Restaurant",""
"Aïoli","2 Quai Maximin Licciardi, 34200 Sète, France","generic","Bar à tapas très sympa et Good mood ","4.5","Ambiance#À essayer#Bar#Vue mer#Tapas",""
"The 46 Bar","46 Rue René Boulanger, 75010 Paris, France","bar","Bar à cocktails dans le même style que le 36 bar mais en plus grand et sans musique ! Sympa","3.5","Ambiance#Amis#Authentique#Bar#Cocktails",""
"The 38 Bar","38 Rue René Boulanger, 75010 Paris, France, 75010 Paris, France","generic","Bar à cocktail très sympa ! Très chill et cosy et cocktails 👌🏼","3.5","Ambiance#Amis#Authentique#Bar#À essayer#Cadre sympa#Carpe diem#Cocktails",""
"Salento Marais","6 Rue de Jarente, 75004 Paris, France","restaurant","Excellent italien en plein milieu du marais ! Idéal entre amis ou à 2 ! Pâtes succulentes un bonheur ! A côté de la place du marché sT Catherine !! ","4.5","Ambiance#Amis#Authentique#Cadre sympa#Carpe diem#Excellent#Italien#Pasta#Specialites locales#Wine",""
"Aga Mame","53 rue du général Leclerc, 45240 La Ferté-Saint-Aubin, France","restaurant","Brasserie sympathique et pas loin du château ","","Authentique#Brasserie",""
"Au Don Camillo","54 Rue Sainte-Catherine, 45000 Orléans, France","restaurant","Super italien ! Très copieux ! Super pasta à la meule de parmesan !! On adore ","3.5","Ambiance#À essayer#Amis#Pasta#Pates àla truffe#Pizza#Restaurant",""
"Auteuil Brasserie","78 Rue d'Auteuil, Paris 75016","restaurant","Brasserie très sympa avec un rooftop parfait été comme hiver ! Je recommande de réserver ","1","À essayer#Cadre sympa#Pates àla truffe#Pasta#Pizza#Restaurant#Rooftop",""
"Glacier Toscani","4 Rue de la Lanterne, 67000 Strasbourg, France","shopping","Bonnes glaces mais un peu déçue ","3","Carpe diem#Glace",""
"Restaurant L'Oignon","4 Rue des Moulins, 67000 Strasbourg, France","restaurant","Très bon resto de viandes avec les spécialités locales ! Petit coup de coeur pour le Tiger steak et le poulet ! Accompagnement de spaetzle : on adore ","4.5","Ambiance#À essayer#Specialites locales#Restaurant#Viandes",""
"La Binchtub","6 Rue du Tonnelet Rouge, 67000 Strasbourg, France","restaurant","Excellente adresse pour flammekeuche et ambiance !! Excellent accueil ! Très convivial ! Shoot offert service très sympa !! Vins d’Alsace très bons ! 
Recommandations ++ ","5","À essayer#Ambiance#Amis#Specialites locales",""
"Les BerThoM","18 Rue des Tonneliers, 67000 Strasbourg, France","bar","Excellent bar avec différentes bières et super service !!! On adore ","","À essayer#Ambiance#Authentique#Bar",""
"Santagloria","Carrer Costa Fornaguera, 46, 08370 Calella (Barcelone), Espagne","generic","Très bonne bakery avec du cAColac comme on aime ","","Boulangerie",""
"Rocapins","Carretere Nacional 2, Km. 666, 08370 Calella, Barcelona, Spain","restaurant","Beach club tres sympa : excellent cadre mais pas pour manger ","3","Ambiance#Amis#Authentique#Beach club",""
"El Cielo Extremeño","Carrer de l'Església, 135, 08370 Calella, Barcelona, España","restaurant","Excellent bar à vin et avec de très bonnes spécialités locales ! On ne peut que valider 

Petit clin d’œil pour le nom « El Cielo »!
Adresse à faire ++ ","4.5","Ambiance#Bar à vin#Wine#Tapas",""
"Nui Beach Calella","Platja Gran de Calella, 08370 Calella, Barcelona, Espagne","restaurant","Beach club tres sympa avec d’excellents cocktails et délicieux plats ! 

Paella excellente ","4","Beach club#Ambiance#Cocktails#Excellent#Fancy#Poisson#Restaurant",""
"Xiri 9","Passeig Manel Puigvert s/n ( Playa de Calella ), Delante Hotel Espanya, 08370 Calella, Barcelona, Spanje","bar","Beach club : excellentes tapas très copieuses ! Très bon","4","Ambiance#À essayer#Carpe diem#Cocktails#Beach club",""
"PORCUS /TALL c/Riera","Carrer de la Riera, 31, 08370 Calella, Barcelona, Espagne","generic","Excellent bar à vin / sangria avec excellents jambons ibériques ! Un apéro de qualité avec un service excellent ","5","À essayer#Coworking#Bar à vin",""
"La Plage","Sablanceaux, 17940 Rivedoux-Plage, France","restaurant","Très bon restaurant les pieds dans l’eau ! Excellent repas ! Vue sur mer : un plaisir gustatif et des yeux ","4.5","À essayer#Ambiance#Amis#Authentique#Carpe diem#Cocktails#Fruits de mer#Restaurant#Vue mer",""
"Citadelle de Saint-Martin-de-Ré","Cours Vauban, 17410 Saint-Martin-de-Ré, France","monument","Bar pour une soirée on fire ","","À essayer#Ambiance#Bar à vin",""
"O Parloir","20 Cours Vauban, 17410 Saint-Martin-de-Ré, France","restaurant","Restaurant très sympa et très bon repas ! Adresse à faire ++ si île de ré ! The place to be🥰","4.5","Ambiance#Cadre sympa#Cocktails#Excellent#Restaurant",""
"La Cible","Avenue de la Plage, 17410 Saint-Martin-de-Ré, France","restaurant","Bar de plages comme on les aime ! Très mimi ","","Ambiance#Bar",""
"La Martinière","19 Quai de la Poithevinière, 17410 Saint-Martin-de-Ré, France","shopping","THE ice cream :à goûter sans se poser de question ","5","Glace",""
"L'Insolite Restaurant, Bar, Bar à Vin.","11 Cours Bailly des Écotais, 17410 Saint-Martin-de-Ré, France","restaurant","Très bon restaurant avec  un cadre très sympa sur une place très agréable ! On recommande ","","Amis#Ambiance#Authentique#Carpe diem#Excellent#Fruits de mer#Restaurant",""
"Do Re Mie","2 Rue Baron de Chantal, 17410 Saint-Martin-de-Ré, France","lodging","Très bonne boulangerie face au port","4","Boulangerie#Authentique",""
"Le Bastion Restaurant Bar Club","50 Cr Pasteur, 17410 Saint-Martin-de-Ré, France","restaurant","Bar à ambiance / club avec très beau cadre ! Très sympa et hype ! Très bons cocktails ","4","Ambiance#Amis#Bar#Carpe diem#Cocktails",""
"Tripletta Gaité","1 Imp. de la Gaité, 75014 Paris, France","restaurant","Bonne pizzeria impasse de la gaité ! Idéal pour combo bar + pizza ","4","Authentique#À essayer#Italien#Pizza",""
"The Copper Pub","4 Impasse de la Gaité, 75014 Paris, France","restaurant","Très sympa le bar en toute tranquillité ! Très bon cocktails ","4","Ambiance#Amis#Bar",""
"Bistrot 31","31 Avenue Théophile Gautier, 75016 Paris, France","restaurant","Brasserie dans le 16. Très sympa et bon ! A tester si vous cherchez un endroit dans le coin de jasmin","4","Ambiance#Authentique#Brasserie",""
"Peppo","Via Melo da Bari, 233, 70121 Bari BA, Italie","restaurant","Super bistronomique ! Les pastas au crabe sont délicieuses ! Amateurs de pâtes et de fruits de mer, c’est pour vous ! Super desserts ! Une adresse à ne pas hésiter ","5","À essayer#Authentique#Cadre sympa#Pasta#Restaurant#Italien#Fruits de mer",""
"Enomezcla","Lungomare Araldo di Crollalanza, 3 70121 Bari Italy","generic","Bar à vin typique ! Vue sur mer ! Excellents vins et spritz avec un apéro à la barese ! Super apéro à tester ++ ","4","Bar à vin#À essayer#Ambiance#Authentique#Bar",""
"Martinucci Laboratory","Via Monte S. Michele, 57, 70011 Alberobello BA, Italie","restaurant","Bonnes glaces à la capitale des trulli! Superbes pâtisseries ","3.5","À essayer#Glace",""
"IL PIZZICOTTO","Via degli Ammirati, 14/D, 73100 Lecce LE, Italie","restaurant","Pizzas bellisimassss","4.5","À essayer#Ambiance#Food truck#Italien#Specialites locales#Street food",""
"Gelateria Gentile","Piazza Federico II di Svevia, 85, 70122 Bari, Italie","shopping","Meilleur glacier de Bari !! Très généreux et délicieux ","4.5","Glace",""
"Piccinni 28","Via Niccolò Piccinni, 28, Bari BA 70122","restaurant","Tres bonnes pizzas mais un peu salées ! Attention aux hypertendus ! 

Pastas au poulpe très bonnes mais salées ++","4","À essayer#Ambiance#Authentique#Carpe diem#Italien#Pizza#Restaurant#Pasta",""
"Bella Blu Gelateria","Piazza Giuseppe Garibaldi, 7, 70043 Monopoli BA, Italie","generic","Très bon glacier comme on les aime ! Meilleur glacier de monopoli","4.5","À essayer#Authentique#Glace",""
"Carloquinto Srl","Via Santa Maria, 52, 70043 Monopoli BA, Italie","restaurant","Bar adorable vue sur mer","","À essayer#Bar à vin#Bar",""
"Azienda Agricola Aia Antica","Contrada Camastra, 72017 Ostuni BR, Italie","generic","Très bonnes pizzas et foccacia","4","À essayer#Ambiance#Authentique",""
"Urban - Cucina a Peso","Via Domenico Nicolai, 10, 70122 Bari BA, Italia","restaurant","Adresse cool et sympa ! Fancy vibes ! Plats très copieux ! Original pour les bao fusion italien","4","À essayer#Ambiance#Amis#Authentique#Restaurant#Specialites locales",""
"L'Enoteca Italiana","30 Rue Charles Gille, 37000 Tours, France","generic","Resto italien type semi gastro ! Excellentes pâtes au truffe ","4.5","À essayer#Ambiance#Amis",""
"Portland Place","41 Portland Pl, London, W1B 1QH, England","generic","Boîte secrète dans un appartement londonien ! On ne peut recommander ","","À essayer#Ambiance",""
"The Piano Works - Farringdon","113-117 Farringdon Road Entrance corner of, Ray St, Farringdon, Greater London EC1R 3BX, Royaume-Uni","generic","Bar / boîte avec un groupe de musique en live : très sympa et top ","","Ambiance#Bar#Authentique#À essayer",""
"Ben's Cookies","13A The Piazza, London WC2E 8HD, Royaume-Uni","restaurant","Très bon cookies on adore ","4.5","À essayer#Ambiance#Excellent#Fancy#Gouter",""
"Lima Floral","14 Garrick St, London WC2E 9BJ, Royaume-Uni","restaurant","Petit café très sympa avec tapas péruviens ","","À essayer#Ambiance#Authentique",""
"Borough Market","14 Winchester Walk London Angleterre SE1 9AG Royaume-Uni","generic","Marche de borough tres sympa avec le fameux fish and chips ","3.5","Ambiance#À essayer#Authentique",""
"Dishoom","5 Stable St, London N1C 4AB, Royaume-Uni","restaurant","Restaurant indien ","","Indien#Cadre sympa#Ambiance#Restaurant",""
"The Thirsty Farrier","Ashford, TN27 9HA, Royaume-Uni","generic","Bar au bord de la sauvette pour des cocktails ","","À essayer#Ambiance#Bar",""
"Botanist On Sloane Square","Public Square, Sloane Sq London Angleterre SW1W 8AQ Royaume-Uni","generic","Petit bar en terrasse sympa","4","Bar#Cadre sympa",""
"Eggbreak","30 Uxbridge St, Notting Hill, Greater London W8 7TA, Royaume-Uni","restaurant","Très bon brunch dans le quartier de Notting Hill !! ","4.5","À essayer#Brunch#Ambiance#Carpe diem",""
"Serpentine Bar & Kitchen","Serpentine Road, Hyde Park, London W2 2UH, Royaume-Uni","restaurant","Bar très sympa en plein milieu d’Hyde Park! Cadre bucolique ! Adorable ","","À essayer#Ambiance#Bar#Cadre sympa#Carpe diem",""
"My Place Soho","21 Berwick St, London W1F 0PZ, Royaume-Uni","restaurant","Tres good vibes et bon ! Brunch ","","À essayer#Brunch",""
"Farouche","36 Av. Henri Ginoux, 92120 Montrouge, France","restaurant","Très belle découverte ! Nouvelle adresse à Montrouge très sympa ! N’a que farouche de nom ! Plats raffinés et  délicieux !
Un plaisir de voir la chef nous conseiller et d’échanger avec elle ","5","À essayer#Authentique#Viandes#Restaurant",""
"OFF Paris Seine","86 Quai d'Austerlitz, Paris 75013","lodging","Bar sur une péniche avec superbe vue sur la Seine et piscine ! Je recommande ++ pour un verre de qualité entre jeunes cadres dynamiques ","4","À essayer#Ambiance#Peniche",""
"Le Vert Tulipe","2 Rue de Londres, 75009 Paris, France","generic","Bar très sympa à côté de la trinité ","4","À essayer#Ambiance#Amis#Authentique#Bar",""
"Gatsby","64 Av. Bosquet, 75007 Paris, France","bar","Bar près des invalides et École Militaire !
Sous sol très sympa et cocktails bon ! Une adresse sympa dans le 7","3.5","Ambiance#À essayer#Amis#Bar",""
"Madina Fast Food","84 Rue du Faubourg Saint-Denis, 75010 Paris, France","restaurant","Pizzeria qui fait son job au décor sympa à Strasbourg sT Denis ! Rien d’exceptionnel mais correct","2","À essayer#Amis#Pizza",""
"Le Rhinocéros","17 Rue Étienne Marcel, 75001 Paris, France","restaurant","Bar sympa près de châtelet avec Hh de 17h à 21h et très bonnes tapas ","","À essayer#Ambiance#Bar#Happy hour",""
"La Mer Paulette","16 Rue des Bains, 14360 Trouville-sur-Mer, France","generic","Restaurant de fruits de mer : très bon plats notamment les linguines de la mer ! ","4","À essayer#Ambiance#Cadre sympa#Brasserie#Fruits de mer#Moules#Restaurant",""
"Les Etiquettes","65 Rue des Bains, 14360 Trouville-sur-Mer, France","bar","Restaurant très sympa et avec d’excellents produits locaux et très bien cuisinés ","4.5","À essayer#Ambiance#Authentique#Amis#Bar à vin#Fancy#Restaurant",""
"Sales Gosses","55P Place du Marche 14800 Deauville France","generic","Bar à cocktail donnant sur la plage du marché ","4","Ambiance#Amis#Authentique#Bar",""
"Aquarius","Prom. des Planches, 14360 Trouville-sur-Mer, France","generic","Brasserie très bonne au bord de mer avec serveurs très sympas et de bon conseil! Excellentes moules provenant de l’arrivage du matin","4","À essayer#Ambiance",""
"Le Cardinal","5 Place de la Porte de Saint-Cloud, 75016 Paris, France","restaurant","Brasserie typique parisienne ! Pour les amateurs de fruits de mer c’est idéal. Néanmoins coup de cœur pour le « tigre qui pleure » et les accompagnements aux morilles. Brasserie très bobo chic mais valeur sûre pour repas en famille ","4.5","À essayer#Authentique#Brasserie#Cadre sympa#Fruits de mer",""
"Non Solo Pizze","5 rue mesnil, Paris 75016","restaurant","Très bonnes pizzas","3.5","À essayer#Pizza",""
"Palmenhaus","Burggarten 1, 1010 Wien, Autriche","restaurant","Brasserie dans l’ancien jardin botanique du palais HOFBURG! Cadre très sympa et brasserie très bonne! 

Idéal pour un repas ensoleillé avec un bon spritz ","4","À essayer#Ambiance#Authentique#Cadre sympa#Carpe diem#Cocktails#Fancy#Restaurant",""
"Belladora E.U.","Praterstraße 68, 1020 Vienne, Autriche","generic","Resto copieux et délicieux! Très bien !

Resto connu et reconnu par les vegans ","4.5","À essayer#Authentique#Specialites locales#Restaurant",""
"Café Central","Herrengasse 14, 1010 Wien, Autriche","cafe","Café à faire absolument ! Café typique de Vienne avec un chocolat viennois à goûter et un gâteau sacher succulent ","3.5","À essayer#Ambiance#Amis#Authentique#Cafe#Carpe diem",""
"Volksgarten","Burgring 1, 1010 Wien, Autriche","bar","Terrasse bar sur un cadre très sympa et vue sur le palais HOFBURG!","3","À essayer#Bar#Amis",""
"Ramasuri","Praterstraße 19, 1020 Wien, Autriche","restaurant","Restaurant très sympa super une petite salle ! Cuisine très healthy et Green ! Service au top","4","À essayer#Ambiance#Amis#Cadre sympa#Carpe diem#Fancy#Green",""
"Spelunke","Obere Donaustraße 101 1020 Vienne Autriche","generic","Très bon resto fancy et qui se finit en party club","4.5","À essayer#Ambiance#Amis#Authentique#Carpe diem#Cocktails",""
"Le pompadour cocktail club","16 Rue Marie Stuart, 75002 Paris, France","generic","Bar à cocktail à côté de montorgueil ! Cadre sympa mais pas le meilleur bar à covktail","","À essayer#Ambiance#Amis#Bar#Cadre sympa#Carpe diem#Cocktails",""
"Barabaar","26 Rue Jean-Baptiste Say 69001 Lyon France","generic","Bar avec très belle vue Croix rousse ! Accompagnée d’un Concept store ","4","Ambiance#À essayer#Amis#Bar#Carpe diem",""
"Le Potager des Halles","3 Rue de la Martinière, 69001 Lyon, France","restaurant","Brunch à conseiller après une balade croix rousse ! Buffet à volonté avec cote de bœuf et araignée ! Excellente adresse ! 32 euros le brunch à volonté ! 

Très copieux et produits locaux ","3.5","À essayer#Ambiance#Authentique#Amis#Cadre sympa#Carpe diem#Brunch",""
"Le Bouchon des Cordeliers","15 Rue Claudia, 69002 Lyon, France","restaurant","Typique bouchon lyonnais ! Ambiance très chaleureuse ","3","À essayer#Ambiance#Amis#French cook#Restaurant#Poisson#Specialites locales",""
"Vivants","26 Rue Neuve, 69002 Lyon, France","generic","Très bonne adresse ! Spécialiste des GIN, vins et bières ! Le gin to est maison c est amazing ! Je recommande 

Les gnocchis du papa sont délicieux ","4.5","Ambiance#À essayer#Amis#Authentique#Bar#Bar à vin",""
"Maison Antoine (Ainay)","7 Rue de la Charité, 69002 Lyon, France","generic","Excellente boulangerie et salon de thé très bobo parisien! Un délice ","4","À essayer#Ambiance#Amis#Authentique#Boulangerie",""
"Les Infideles","Rue de Brest 69002 Lyon France","restaurant","Excellent resto en plein cœur du vieux Lyon ","4.5","À essayer#Ambiance#Authentique#Carpe diem#Cocktails#Excellent#French cook#Restaurant",""
"Modjo Lyon Part-Dieu","152 Rue Dr Bouchut Lyon 69003","bar","Excellent espace café coworking à côté de la gare ","4","À essayer#Ambiance#Coworking#Cadre sympa#Carpe diem",""
"Aux P’tits Oignons","Rue de la Régence, 1000 Bruxelles, Belgique, 1000 Bruxelles, Belgique","generic","Excellent restaurant belge ! Un délice gustatif / quartier des sablons ","5","Ambiance#À essayer#Authentique#Carpe diem#Cadre sympa#Excellent#Restaurant#Specialites locales",""
"Le Perroquet","Rue Watteeu 31, 1000 Bruxelles, Belgique","restaurant","Café art nouveau sympa ","2.5","Cafe",""
"Juffrouw Strik","GroentenMarkt 19 Ghent Belgium","generic","Très bon ","3.5","Cadre sympa#Carpe diem#Gaufre#Glace#Gouter#Salon de the",""
"Balls & Glory","Jakobijnenstraat 6, 9000 Gent, Belgique","restaurant","Boulettes de viandes typiques belges ! Très bon ","4","À essayer#Authentique",""
"Poechenellekelder","Rue du Chêne, 5, 1000 Brussel, Belgique","bar","Bar typique avec d’excellentes bières ! Décor atypique on valide","3.5","Bar#Authentique#Amis",""
"Maison Dandoy","Galerie du Roi 1–7 1000 Bruxelles/Brussel Belgique","generic","Salon de thé typique ! 
Tips: prendre gaufre de liege ","4","Gouter#Gaufre",""
"La Noceria","58 Rue d'Aboukir, Paris 75002","restaurant","Bar à tapas espagnol ","3","À essayer#Ambiance#Tapas",""
"Le Bistrot Gourmand","5 Place Winston Churchill, 87000 Limoges, France","restaurant","Cuisine typique française ! Plats très copieux  et délicieux ","4.5","À essayer#Ambiance#Amis#Authentique#Viandes",""
"Il Massimo del Gelato","Corso Magenta, 28, 20121 Milano, Italie","shopping","Excellentes glaces","","À essayer#Authentique#Glace",""
"Marchesi 1824","Galleria Vittorio Emanuele II, Milano MI 20121","restaurant","Pâtisserie historique de milan dans la galerie vittorio Emanuel’s II! Salon de thé idéal pour le goût ! Excellentes pâtisseries ! A y aller sans hésiter ! Idéal pour prendre une pause après les visites ","5","À essayer#Ambiance#Authentique#Gateaux#Glace#Gouter#Salon de the",""
"Caffe Napoli","Via Vigevano 1–19 20144 Milan Lombardie Italie","generic","Petit déjeuner typique italien ! Très chaleureux et bon","3.5","Cafe#Authentique#Petit dej",""
"Pizzium - Via Vigevano","Via Vigevano, 33, 20144 Milano MI, Italie","restaurant","Temple de la pizza ! Très bon et pas cher ! Spritz à 6 euros excellent (meilleure que la terrasse apérol)","4","À essayer#Ambiance#Amis#Authentique#Pizza#Pas cher#Pizza pas chere et top",""
"Hotel Villa Cipressi","Via 4 Novembre, 22, 23829 Varenna LC, Italie","lodging","Magnifique vue sur le lac de Côme ! Hôtel 4*! Cocktails délicieux à 18 euros ! Jardin botanique sublime ! A faire de passage à Varennes ","5","À essayer#Ambiance#Amis#Authentique#Bar#Cocktails#Vue panoramique#Vue mer",""
"Terrazza Aperol","Piazza del Duomo 20123 Milan Lombardie Italie","generic","Le temple du spritz! Un délice ! Vue imprenable sur le duomo","5","Ambiance#À essayer#Amis#Authentique#Bar",""
"GinO12","Alzaia Naviglio Grande, 12, 20144 Milano, Italie","bar","La plus petite distillerie de gin au monde ! Distillerie du gin sous vos yeux ! A tester !
Dans le quartier de naviglio","","Gin to pas cher#Amis#Authentique#Bar",""
"La Cresciamia","Via Vitruvio 32 20124 Milan Lombardie Italie","generic","Paninis très bons ! A 5 min de la gare centrale menant à l aéroport ! Idéal pour manger en sortant de l’aéroport ! Paninis typiques avec spécialités locales italiennes ! ","4","Ambiance#À essayer#Authentique#Sandwich#Pas cher#Specialites locales",""
"Les Causeurs","170 Rue Montmartre, 75002 Paris, France","generic","Bar à Grands Boulevards : simpleefficace et cadre sympa
","","À essayer#Ambiance#Amis#Bar",""
"BRASSERIE ALESTI","13 Rue du Faubourg Montmartre, Paris 75009","generic","Brasserie à côté de Grands Boulevards avec un décor très sympa ! Produits de circuit court !

Bonne adresse mais ne pas avoir un appétit d’ogre","3.5","Ambiance#À essayer#Amis#Authentique#French cook#Restaurant#Viandes#Wine",""
"Luisa Maria","12 Rue Monsieur le Prince, 75006 Paris, France","restaurant","Très bon italien à Odeon ! Très sympa
Et ambiance à l’italienne ","4","À essayer#Ambiance#Amis#Authentique#Carpe diem#Restaurant#Pizza#Excellent#Cocktails#Italien",""
"L'Arbane - Cocktail Club","10 Rue Guénégaud, 75006 Paris, France","bar","Bar à cocktails à Mabillon ! Très bon cocktail et cadre cosy et tamisé 

Tips : tous les cocktails à 10 euros jusqu à 20h","4.5","À essayer#Amis#Carpe diem#Cocktails#Champagne bar",""
"Vita Ristorante","9 Rue de l'École de Médecine, 75006 Paris, France","restaurant","Tres bon italien à Odeon avec un très beau cadre et super ambiance avec un pianiste ! Pâtes à la truffes incroyables ! Je recommande pour une petit occasion sympathique 

Petit bémol service expéditif ","4.5","À essayer#Ambiance#Cadre sympa#Authentique#Cocktails#Excellent#Italien#Pizza#Pates àla truffe#Restaurant",""
"DAGOBERT","31 Rue du Grand Marché, 37000 Tours, France","restaurant","Très bon resto de plats typiques ","","À essayer#Ambiance#Amis#Authentique#Carpe diem#Cocktails#French cook#Restaurant#Viandes",""
"Lobsta - les Passages","5 Rue Tony Garnier, 92100 Boulogne-Billancourt, France","generic","Street food lobster ! Tres bon et copieux ! Lobster rolls et crevettes roll un délice ! ","4","À essayer#Lobster#Street food#Poisson",""
"Traiteur Zing Lai Lai","147 Avenue Félix Faure 75015 Paris France","generic","Bon italien ! Service par des italiens ","3.5","À essayer#Ambiance#Amis#Authentique#Carpe diem#Cocktails#Italien#Pates àla truffe#Pizza#Restaurant",""
"La Cidrerie","26 Place Hamelin, 14600 Honfleur, France","shopping","Crêperie typique au cœur d’Honfleur ! Très bonnes crêpes ! Accueil simple et chaleureux ! Tout est fait maison et produits locaux ! Très bien ","4","Cadre sympa#À essayer#Ambiance#Amis#Authentique#Crepes#Creperie#Restaurant",""
"LE HIBOUVILLE - DEAUVILLE","12 Pl. de Morny, 14800 Deauville, France","restaurant","Bar classique sur la place du marché de Deauville ! ","2","Bar#Authentique#Carpe diem",""
"Cabane Perchée","Boulevard de la Cahotte, 14360 Trouville-sur-Mer, France","restaurant","Cadre très sympa et brunch très bon et très complet ! 

Très belle vue mer

Attention dimanche midi uniquement formule brunch","4","À essayer#Ambiance#Amis#Brunch#Cadre sympa#Cocktails#Vue panoramique#Vue mer#Rooftop",""
"Salon De The Hotel Dauphin","12 Place Pierre Berthelot 14600 Honfleur France","generic","Salon de thé très sympa avec crêpes maison et chocolat chaud sympa ","4","À essayer#Amis#Ambiance#Creperie#Gateaux#Gouter",""
"Cavale","40 R. des Petites Écuries, 75010 Paris, France","restaurant","Si vous connaissez/ aimez poni, foncez ! Très bonne adresse avec pas mal de place et même carte que poni ","4","À essayer#Ambiance#Amis#Authentique#Carpe diem#Cocktails#Restaurant#Viandes#Poisson",""
"Mama Rooftop Paris West","Avenue De La Porte De La Plaine, Paris 75015","lodging","Rooftop à côté du parc des expo ( Porte de Versailles) 

Rooftop un peu décevant mais cocktails très bons ","1.5","Rooftop#Tapas#Restaurant#Bar#Carpe diem#Cocktails",""
"El Chalan","6 Rue Lefebvre, 75015 Paris, France","restaurant","Authentique restaurant péruvien ! Service très agréable et mets copieux ! C est bon

Seul bémol: l’emplacement du resto un peu excentré","3","Péruvien#Ambiance#Authentique#Restaurant",""
"Amour ","17 Boulevard Edgar Quinet, 75014 Paris, France","generic","Bar très sympa sous le thème de l’amour ! Sympa pour un verre entre amis ! HH jusqu à 20 h ","2.5","Cocktails#Carpe diem",""
"PANOZZI MARAIS","17 Rue des Archives, 75004 Paris, France","restaurant","Street food sicilienne ! Le champion du monde du panini pizza ! Très sympa et rapide efficace ","3","À essayer#Amis#Authentique#Pizza#Street food",""
"Restaurant IDA","117 Rue de Vaugirard, 75015 Paris, France","restaurant","Restaurant italien très sympa avec 2 menus : un signature et un du chef ( menu à l’aveugle)

Carbonara et carpuccino ida à tester ++ ","4","À essayer#Ambiance#Carpe diem#Cocktails#Pates àla truffe#Restaurant",""
"Crêperie Contemporaine 142","59 Rue St Charles, 75015 Paris, France","restaurant","Tres bonne crêperie à prix abordables ! ","4","À essayer#Amis#Authentique#Creperie#Crepes",""
"Pousse Café","48 Rue Barthelemy Danjou, 92100 Boulogne-Billancourt, France","restaurant","Bistrot typique et très bon ! A la bonne franquette et un service très sympa ! Une bonne adresse pour un repas de bistrot français ! ","4","Amis#Ambiance#À essayer#Authentique#Carpe diem#Cafe#Restaurant",""
"Le Petit Josselin","59 Rue du Montparnasse, 75014 Paris, France","shopping","Très bonne crêperie à Montparnasse! Valeur sure et réconfortante 

Pas de réservation possible : venir tôt et être patient ","3","À essayer#Carpe diem#Authentique#Restaurant#Pas cher#Creperie#Crepes",""
"Ristorante Italiano da Pupetta","55 Rue Brancion, 75015 Paris, France","restaurant","Très bon resto italien avec des produits  italiens et un chef amoureux de sa cuisine ! Un vrai bon moment ","4.5","À essayer#Ambiance#Amis#Authentique#Restaurant#Italien",""
"Brasserie Dubillot","222 Rue Saint-Denis, Paris 75002","restaurant","Très bonne brasserie avec son décor très charmant ! A tester 

Petit bonus à la fin : petits shooters à la fin 😜","3","À essayer#Ambiance#Amis#Authentique#Carpe diem#Cadre sympa#Viandes#Tres bon gin to",""
"Odette L'Auberge Urbaine","23/25 Rue du Pont Neuf, 75001 Paris, France","restaurant","Très belle découverte de ce restaurant : excellents apéritifs et amuse bouches ! Service très attentionné et gentil ! Je ne peux que recommander ! 

Carte simple mais produits de qualité et raffinés ! 
Carte de plats français dans un décor tendance.  
Coup de coeur pour le filet de bœuf et son jus de viande 😍","3","À essayer#Ambiance#Amis#Cocktails#Carpe diem#Restaurant#Viandes#Wine#French cook#French cook",""
"Aux Émotions","1 Rue Dante, 75005 Paris, France","bar","Bar avec bon cocktails ! 

Ambiance sympa car salle au fond avec décor sympa réservable ","4","À essayer#Ambiance#Amis#Bar#Cocktails",""
"Le Commerce Lyon","53 Rue de Marseille, 69007 Lyon, France","restaurant","Bar avec DJ très sympa ","3.5","Cadre sympa#Cafe#Authentique#Bar",""
"Le Perko Café","8 Place du Griffon, 69001 Lyon, France","cafe","Très beau café ! Cadre sympa ","3.5","À essayer#Amis#Authentique#Cafe#Cadre sympa",""
"La Commune","3 Rue Pré-Gaudry, 69007 Lyon, France","restaurant","Type félicita version Lyon ","2.5","À essayer#Ambiance#Amis",""
"Boutique Pralus Lyon St Jean","27 Rue Saint-Jean, 69005 Lyon, France","restaurant","Praluline à tester impérativement","","À essayer#Specialites locales",""
"Ikône - Bar à Chocolat & EveryDay Brunch","13 Rue Constantine, 69001 Lyon, France","restaurant","Crêpes excellentes !  Bon café ( qui fait aussi brunch)
Sans réservation possible ","","À essayer#Cafe",""
"Daniel et Denise","156 Rue de Crèqui, 69003 Lyon, France","restaurant","Bouchon lyonnais très bon ! Je recommande ++ la volaille

Gros coup de coeur le gratin de macaroni","5","Ambiance#Carpe diem#Cadre sympa#Restaurant",""
"Poni","24 Rue Saint-Lazare, 75009 Paris, France","generic","Resto bistrot bon et très sympa ! Brasserie moderne : Personnel au top ! Je recommande ! Carte large et tres sympa ! Copieux et délicieux 

Bavette ++ ","4","À essayer#Authentique#Cadre sympa#Restaurant",""
"Le Floride","52 Allée des Jardins, 34280 La Grande-Motte, France","cafe","Très belle vue sur le port ","","À essayer#Ambiance#Amis",""
"Duque da Rua","R. do Duque 23, 1200-158 Lisboa, Portugal","restaurant","Très bonne adresse très copieuse et pas chère ! A tester les yeux fermés ! ","4.5","À essayer#Ambiance#Amis#Authentique#Tapas#Specialites locales#Restaurant",""
"Manteigaria","Rua do Loreto 2, 1200-108 Lisboa, Portugal","restaurant","Très bon pasteis de nata ","5","À essayer#Ambiance#Amis",""
"Zazah","R. São Marçal 111, 1200-420 Lisboa, Portugal","restaurant","Bon restaurant ","3","Cadre sympa#À essayer#Ambiance#Authentique#Restaurant",""
"28 Restaurante","Calçada de Santo André 3, 1100-495 Lisbonne, Portugal","generic","Très beau brunch et bon","5","À essayer#Ambiance#Authentique#Carpe diem#Excellent",""
"Volfoni Boulogne","16 Boulevard de la République Boulogne-Billancourt 92100","restaurant","","","À essayer#Italien#Pizza#Pates àla truffe#Restaurant",""
"Le Petit Voisin","37 Rue Peyrolières, 31000 Toulouse, France","bar","Bar au charme inégalable ! Très bonne ambiance et service au top ! A venir pour boire un verre ","5","Ambiance#Amis#Bar",""
"Le Panache","34 Rue des Filatiers 31000 Toulouse France","restaurant","Excellent resto ! Cocktail à tester obligatoirement ! Je recommande le magret et poulpe ! Plats très bons ! Je recommande les yeux fermés ! A réserver ++

Sinon les tapas sont incroyables ! ","5","À essayer#Amis#Authentique#Cadre sympa#Carpe diem#Cocktails#Restaurant#Viandes#Tres bon gin to",""
"The Four Monkeys","7 Rue de Metz, 31000 Toulouse, France","bar","Bar très authentique on adore ","3.5","Ambiance#À essayer#Bar",""
"Oulala","Rue Labéda, 31000 Toulouse, France","generic","Bar sympa et très bonne planche très quali ","","Ambiance#À essayer#Amis#Authentique",""
"Napoli Caffè","8 Rue Réaumur, 75003 Paris, France","cafe","Formules très appréciables ! Petit endroit très authentique et cuisine très bien ! On recommande si recherche endroit authentique sans chichi","","À essayer#Ambiance#Amis#Authentique#Italien#Pizza#Pates àla truffe#Pizza pas chere et top",""
"Manhattan Terrazza","108 Avenue de Villiers, 75017 Paris, France","restaurant","Très belle déco ! HH
Bon reto ","","À essayer#Ambiance#Amis#Authentique#Carpe diem#Cocktails#Cadre sympa#Happy hour#Italien#Restaurant#Pates àla truffe#Pizza#Wine",""
"Pastasuta","2 Rue de la Coutellerie, 75004 Paris, France","restaurant","Très bon italien à côté de l Hôtel de Ville ! Pâtes faites maison ","4.5","Authentique#Amis#Cocktails#Carpe diem#Restaurant#Pates àla truffe#Italien",""
"Hotel Gramont Paris","22 Rue de Gramont, 75002 Paris, France","lodging","","","Sans reservation#À essayer",""
"Comptoir Gourmet","51 Rue du Temple, 75004 Paris, France","restaurant","Resto italien très convivial et idéal pour partager un bon moment !
Le principe ? Planches à partager ou pièces à déguster à plusieurs 

Très bon vin 

Quartier dans le marais rue très calme ! ","4","À essayer#Amis#Authentique#Bar à vin#Carpe diem#Italien#Restaurant#Specialites locales#Wine",""
"Madame Rêve","48 Rue du Louvre, 75001 Paris, France","lodging","Tres beau cadre dans l’ancienne poste du Louvre! On recommande plus le cadre que le repas ! Mais très sympa et très beau ","3","À essayer#Ambiance#Authentique#Cadre sympa#Carpe diem#Cocktails#Hotel#Restaurant#Salon de the#Viandes",""
"Les Grands Gamins - Bar à jeux de société et Boutique","19 Rue de Cléry, 75002 Paris, France","bar","Bar à jeux à sentier ! ","","Bar à jeux#Ambiance#Amis#Authentique#Bar#À essayer",""
"Les Enfants Perdus","9 Rue des Récollets, 75010 Paris, France","restaurant","Très bon restaurant que je recommande ++ ! Cuisine à la française ! 

Petit tips : faire le bar enfants gâtés juste avant puis dîner 
A réserver ++ ","3","Ambiance#À essayer#Carpe diem#Authentique#Amis#Poisson#Viandes#Wine",""
"Brasserie Rosie","53 Rue du Faubourg Saint-Antoine, Paris 75011","restaurant","Brasserie très sympa ! Cadre très sympa et bon! Copieux et très bonnes coquillettes à la truffe ! Poisson à ne pas conseiller ","4","À essayer#Ambiance#Amis#Authentique#Pates àla truffe",""
"Polpette","41-43 Rue Catherine de La Rochefoucauld, 75009 Paris, France","restaurant","Très bon italien ","4.5","À essayer#Ambiance#Amis#Cocktails#Excellent#Pates àla truffe#Pizza#Restaurant",""
"Eataly Paris Marais","37 rue sainte-croix de la bretonnerie, Paris 75004","restaurant","Grand mall italien en plein marais ! On valide ++ ( sans réservation) ","","À essayer#Ambiance#Amis#Authentique#Bar à vin#Carpe diem#Cocktails#Pizza#Italien",""
"Au virage Lepic","61 Rue Lepic, 75018 Paris, France","restaurant","Resto et bar très authentique ","","À essayer#Ambiance#Amis#Authentique#Bar",""
"Léandrés, happy food & coffee","78 Rue de Maubeuge, 75009 Paris, France","cafe","Très bon brunch argentin ","","À essayer#Ambiance#Authentique#Brunch",""
"Coq Tail Mix Bar","Ochi 6 554 38 Thessaloniki Grèce","generic","Tout en haut de thessalonique dans la vieille ville ! Magnifique vue panoramique ","","À essayer#Amis#Vue panoramique",""
"Casa Del Treno","Monastiriou, 546 29 Thessalonique, Grèce","generic","Restaurant très sympa et excellent ! Cadre idyllique au port et restaurant sympa ! Je recommande ! Prix tres attractifs ","","À essayer#Ambiance#Amis#Authentique#Excellent#Greek#Vue panoramique",""
"Arampela","546 21 Thessalonique, Grèce","generic","Bar ambulant balade bateau pirate 30 min ","","À essayer#Ambiance#Amis#Bar",""
"Pepper","Nikis 55 546 22 Thessaloniki Grèce","generic","Très joli bar vue sur mer ","","Bar#À essayer#Cocktails",""
"Loupino","Katouni street 3 546 25 Thessaloniki Grèce","generic","Très bon resto grecque ","","À essayer#Authentique#Excellent#Greek#Specialites locales",""
"Wet Red Rose Beach Ckub","Κουντουριώτου 115–129 570 19 Neoi Epivates Grèce","generic","Beach club tres sympa et bar avec tres bon cocktails ","","Ambiance#À essayer#Amis#Bar#Cocktails#Carpe diem#Vue mer",""
"Molubos","Ermou 14 546 24 Thessaloniki Grèce","generic","Beau resto grecque ","","À essayer",""
"GALBAR","50 rue du faubourg poissonnière, Paris 75010","restaurant","Crêpes revisités ! Concept sympa ! ","","À essayer#Restaurant#Creperie",""
"Pastificio Norma","75 Rue de Turbigo, Paris 75003","restaurant","Excellent italien avec pâtes maison ! Je recommande ! Plats copieux : un régal ","","À essayer#Authentique#Cocktails#Italien#Pates àla truffe#Restaurant#Pizza",""
"Le Pommier","40 Rue des Cuisiniers, 14400 Bayeux, France","restaurant","Excellent restaurant ! Très bon mais prix un peu élevé ! Produits locaux et excellents ","","À essayer#Authentique#Excellent",""
"Fish And Chips","1–27 Rue Maréchal Joffre 14117 Arromanches-les-Bains France","generic","Très bon fish and chips ","5","À essayer",""
"La Cordonnerie","142 Rue Saint-Denis, 75002 Paris, France","bar","Bar sympa avec cocktails pas très chers ","","Bar#Authentique#Cocktails",""
"Pupetta","124 Rue St Denis, 75002 Paris, France","restaurant","Bon resto italien à Strasbourg sT Denis avec bonnes pizzas","","Pizza#Restaurant#Italien#Cocktails",""
"Rosé Piscine","174 Quai André Citröen, 75015 Paris, France","generic","Petite guinguette classique dans le 15","4","Ambiance#Amis",""
"Crêperie du Roy","9 Boulevard Féart, 35800 Dinard, France","shopping","Bonne crêperie typique avec décors typiques bretons mais un peu bruyant ","","À essayer#Authentique#Crepes",""
"Bar des Vedettes","11 Rue du Quai, 22100 Dinan, France","bar","Bar ambiance à dinard ! Cocktails très sympas et bonnes vibes  ! ","","À essayer#Ambiance#Bar",""
"Le Comptoir BREIZH Café","6 Rue Orme, 35400 Saint-Malo, France","shopping","Très bonne crêperie avec produits locaux dans les remparts ","","À essayer#Authentique#Restaurant#Cadre sympa",""
"Maison Moreau Boulangerie Patisserie","36 Rue Levavasseur, 35800 Dinard, France","restaurant","Très bonne boulangerie ","","Boulangerie",""
"Le Sunset Bar","Prom. des Alliés, Dinard, France","bar","Bar à cocktail vue sur mer ! Très sympa et animé ! Une guinguette vue sur la plage et la jetée on adore ","","À essayer#Ambiance#Amis#Bar#Cadre sympa#Cocktails#Carpe diem",""
"Le Café Rouge","3 Boulevard Féart, 35800 Dinard, France","cafe","Très bon restaurant de fruits de mer et crustacés ! Recommandé au michelin","","À essayer#Amis#Ambiance#Cadre sympa#Restaurant#Vue panoramique#Vue mer#Fruits de mer#Poisson",""
"Moustache","2 Bis Rue du Maréchal Leclerc, 35800 Dinard, France","generic","Très bon bon glacier artisanal ","","Glace",""
"Kantyna","Politických vězňů 1511/5 110 00 Prague République tchèque","generic","Cantine tchèque très typique et locale ! Une boucherie qui a transformé ça en cafétéria géante ! Recommande ","","Authentique#Restaurant#Viandes",""
"Green Tomato","Jindřišská 938/18, 110 00 Praha, République tchèque","restaurant","Très bon italien ","","Amis#Pizza#Restaurant#Italien",""
"Questenberk Hotel","Úvoz 155/15, 110 00 Praha 1 - Hradčany-Praha 1, Tchéquie","lodging","Sur les hauteurs de prague : n’hésitez pas à boire un verre sur leur terrasse avec vue imprenable sur prague ! Magnifique vue ","","Vue panoramique#Cadre sympa#Bar",""
"Ippa Cafe","Jiřská 7/6 119 00 Prague République tchèque","generic","Très beau cadre au sein du château du prague avec des desserts aussi beaux que bons ! Un délice ","","Cafe#Restaurant",""
"Cafe Purkynē","Sokolská 490/31 120 00 Prague République tchèque","generic","Véritable café locale ouvert que le matin ! ","","Cafe#Authentique",""
"Restaurace Kravín","Náměstí Míru 109/18, 120 00 Praha 2, République tchèque","restaurant","Très belle vue sur l église ! Plats typiques et/ ou internationaux avec une ambiance locale ! Resto avec peu de touristes que des locaux ","","À essayer#Cadre sympa",""
"V Kolkovně 910/8","V Kolkovně 910/8, Staré Město, 110 00 Praha-Praha 1, Tchéquie","geocode","Très bonne brasserie typique dans le quartier juif ! On recommande ","","À essayer#Amis#Authentique#Specialites locales#Viandes",""
"Le Bard'o","26 Quai Lunel 06300 Nizza France","generic","Très bon resto de fruit de mer avec belle vue ","","À essayer#Cadre sympa",""
"Boston Bar","place de 06300, 11 Place de l'Île de Beauté, 06300 Nice, France","bar","","","À essayer#Ambiance#Amis#Bar",""
"La Dinette","3 Rue Corneille, 37000 Tours, France","restaurant","Excellent resto de quartier du theatre","3","À essayer#Excellent",""
"Santa Chiara - Banco E Cucina","Via Santa Margherita 09124 Cagliari Italy","generic","Excellent risotto au safran! Une mama italienne qui cuisin’e devant nous  ","","Cadre sympa",""
"Sa Domu Sarda","Via Sassari, 51, 09124 Cagliari, Italie","restaurant","Très bon italien : de vrai spécialités sardes ","4","Ambiance#Authentique#Pizza",""
"Dulcis Pasticceria | Cagliari","Via Sidney Sonnino, 71, 09125 Cagliari CA, Italy","restaurant","Très bon salon de thé typique ","","Specialites locales#Salon de the",""
"Les Amis Des Messina","204 Rue du Faubourg Saint-Antoine, 75012 Paris, France","restaurant","","2.5","Amis#Cadre sympa#Italien",""
"Marcelle - Débit de Boissons","Place du Samedi 15, 1000 Bruxelles, Belgique","bar","Très bon cocktails et jolie terrasse ! ","","À essayer#Ambiance#Amis#Bar#Cocktails#Carpe diem",""
"Chez Maman","Rue des Grands Carmes 7, 1000 Bruxelles, Belgique","bar","Très bon cocktails, terrasse très agréable ! On recommande  ","","À essayer#Ambiance#Amis#Bar#Cocktails",""
"KFK Hope","Rue des Poissonniers 21, 1000 Bruxelles, Belgique","bar","Bar dansant très cool ","","À essayer#Bar",""
"Vertigo","Rue de Rollebeek 7, 1000 Bruxelles, Belgique","restaurant","Très beau cadre et authentique ! Très hype à faire ! ","3","À essayer#Ambiance#Amis#Cadre sympa#Cocktails#Excellent",""
"Traiteur Grec","43 Rue de l'Ancienne Mairie Boulogne-Billancourt 92100","generic","Traiteur grecque ! Très bon ","3","À essayer#Greek",""
"New Osaka","37 Rue Montmartre, 75002 Paris, France","restaurant","Buffet à volonté à sentier ","","À essayer#Authentique",""
"Pâtisserie Méert","25-27 Rue Esquermoise, 59000 Lille, France","restaurant","Gaufres typiques à essayer ","","Gouter",""
"Grand Scène","31 Rue de Béthune 59800 Lille France","restaurant","Très bien : street food ","","À essayer#Ambiance#Amis#Food truck",""
"Immersion Vendôme","23 Rue Danielle Casanova, Paris 75001","restaurant","Brunch au top","","À essayer#Ambiance#Brunch",""
"La Chamade","3 Rue de Birague, 75004 Paris, France","restaurant","Cocktails pas chers (5/6 euros) dans le marais ! On valide ! ","","À essayer#Amis#Bar#Cocktails",""
"La Table Libanaise - Restaurant et traiteur Libanais à PARIS 15","25 Rue Oscar Roty, 75015 Paris, France","restaurant","Bon libanais","","À essayer#Amis#Authentique",""
"Chez Mamie","10 Place de la Trinité 31000 Toulouse France","restaurant","Le « chez tonton » des 25-30 ans ! Très sympathique sur une belle place ","","À essayer#Ambiance#Authentique",""
"Prima Lova","1 Place de la Bourse, 31000 Toulouse, France","restaurant","Italien abordable mais pates à la truffe sans plus ","3.5","Ambiance#Pates àla truffe#Pizza#Italien",""
"The London Town","14 Rue des Prêtres, 31000 Toulouse, France","bar","","","Amis#Authentique#Bar",""
"Sunside Café","3 Pl. des Carmes, 31000 Toulouse, France","restaurant","Brunch ","","Ambiance#Amis",""
"Chez Marco","30 Rue de Périgord, 31000 Toulouse, France","restaurant","Restau à viandes : excellent ","5","À essayer#Amis#Authentique#Wine#Viandes#Restaurant",""
"Central PARK","5 Rue du Jour, 75001 Paris, France","bar","Très cool ","","À essayer#Ambiance#Amis#Bar#Cocktails",""
"Bouillon Chartier","59 Bd du Montparnasse, 75006 Paris, France","restaurant","","","À essayer#Bouillon",""
"Giorgio - Gruppo Dalmata","21 Rue de Charonne, Paris 75011","restaurant","","","À essayer#Cadre sympa#Cocktails#Pizza#Pates àla truffe#Italien",""
"Café de la presse","36 Boulevard de la Bastille, 75012 Paris, France","restaurant","","","Ambiance#À essayer#Amis#Bar",""
"Comptoir Moderne","26 Rue de la Croix Nivert, 75015 Paris, France","restaurant","HH 16-21h","","Amis#Bar#Cocktails#Happy hour",""
"Le Pavillion Augustine","Quai Albert 1er, 14360 Trouville-sur-Mer, France","restaurant","Vue sur le bord de mer, très agréable et calme ! Très bon plats.  ","","À essayer#Amis#Cadre sympa#Carpe diem#Vue mer#Poisson#Moules",""
"L’epicerie Bouillon Pharamond","28 Rue Pierre Lescot, 75001 Paris","generic","Nouveauté du bouillon pharamond ! Bar à vin où il est possible de déguster des fruits de mer: idéal pour patienter avant que notre table au bouillon soit prête ! Joli décor ! On recommande ! ","","À essayer#Ambiance#Amis#Bar#Bar à vin#Authentique#Wine",""
"La Felicità","5 Parvis Alan Turing, Paris 75013","restaurant","","","Cadre sympa#À essayer#Ambiance#Amis#Bar#Italien#Pizza#Pates àla truffe#Street food",""
"Le Bruit Qui Court","69ter Rue Damrémont Paris 75018","restaurant","Tres bon brunch","","Brunch#À essayer",""
"Café Oz Châtelet","18 Rue Saint-Denis, 75001 Paris, France","bar","Bar dansant australien très sympa! Bonne ambiance ","","À essayer#Ambiance#Amis#Bar#Carpe diem",""
"Le Loir dans La Théière","3 Rue des Rosiers, 75004 Paris, France","cafe","Salon de thé très sympa ! Mais temps d attente ","","Salon de the#À essayer#Ambiance#Amis#Gateaux#Cafe",""
"PUB St GERMAIN","17 Rue de l'Ancienne Comédie, Paris 75006","bar","Petit billard, très spacieux ! On valide ","2.5","À essayer#Ambiance#Amis#Bar#Cadre sympa#Happy hour",""
"Yoom","5 Rue Grégoire de Tours, 75006 Paris, France","restaurant","Cuisine asiatique : service rapide et cadre agréable ","","À essayer",""
"Cin-cin","9 Boulevard Poissonnière, 75009 Paris, France","restaurant","Petit happy hour de 17 h à 23h","","Amis#Bar#Cadre sympa#Cocktails",""
"Le Bidule","2 Rue Faidherbe, 75011 Paris, France","bar","Bar très cool avec happy hour ! Petite surprise de happy end : shooter d’au revoir .. 🕺🏻","","À essayer#Ambiance#Amis#Bar#Cocktails",""
"Petit Bao","116 rue Saint-Denis, Paris 75002","restaurant","Très bon baos ","","À essayer",""
"Paxton'head","264 Rue de Bourgogne, 45000 Orléans, France","bar","Décor très IRISH bar et très atypique : soirée billard ++","","Ambiance#Bar",""
"Restaurant Mamma Mia","32 Avenue Jean Baptiste Clement, 92100 Boulogne-Billancourt, France","restaurant","Très bon italien : ambiance sympa, très bon plat maison ! Très belle déco ! Je recommande ++","","À essayer#Ambiance#Cocktails#Italien#Pates àla truffe#Restaurant",""
"Papilla","9 Rue Soufflot 75005 Paris France","generic","Petit italien très cosy très sympa : vue sur le panthéon ✨","1.5","À essayer#Pizza#Pates àla truffe#Cocktails",""
"le Marronnier","18 Route de Saverne 67370 Stutzheim-Offenheim France","restaurant","Très typique avec toutes les spécialités dans une ambiance taverne très locale ! On adore ","","Restaurant#Specialites locales#À essayer",""
"Le Public House","14 Rue Paul Janet, 67000 Strasbourg, France","restaurant","Ambiance au top et très bon cocktail ","","Ambiance#Bar#Amis",""
"Restaurant Au Pigeon","23 Rue des Tonneliers, 67000 Strasbourg, France","restaurant","Taverne très typique ! Je recommande pour les spécialités locales ","","Specialites locales#À essayer",""
"Lolo cave à manger","12 Rue de Châteaudun, 75009 Paris, France","restaurant","Bar à vin : très cocooning et ambiance garantie ! A essayer si on est à 3/4 personnes ! Pas adapté au groupe ! Tapas délicieux ","","À essayer#Ambiance#Amis#Bar#Wine",""
"Daroco 16","3 Place Clément Ader, Paris 75016","restaurant","Super adresse très cosy ","","Restaurant#Cocktails#Italien",""
"Hoegaarden Café","52 Route de Narbonne, 31400 Toulouse, France","restaurant","Bar sympa et accueil de qualité par le patron! Pratique si on est à la fac de pharma à côté sinon peu d’intérêt de se déplacer pour y aller volontairement ","","Bar#Happy hour",""
"Chez Tonton","16 Place Saint-Pierre, 31000 Toulouse, France","bar","Passage obligé pour tout visiter de la village rose ! Ambiance garantie ","","À essayer#Ambiance#Bar#Amis",""
"La Reverie ✨","15 Rue de la Roquette, 75011 Paris","generic","Endroit très sympa et très bon cocktails ! Happy hour ","","À essayer#Ambiance#Bar#Cocktails",""
"FRITERIE ANTOINE","Avenue Le Marinel 138B, 1040 Etterbeek, Belgique","generic","Excellentes frites : spécialité locale ","","Specialites locales",""
"Rooster's","Rue Grétry 79, 1000 Bruxelles, Belgique","bar","Bar / boîte cool mais les toilettes payantes ","","À essayer#Ambiance#Amis#Bar",""
"NONA","Rue Sainte-Catherine 17-19, 1000 Bruxelles, Belgique","restaurant","Excellentes pizzas et cocktails ! Je Recommande ++ ","","Italien#Cocktails#Cadre sympa#Restaurant",""
"Mokafé Taverne","Galerie du Roi 9, 1000 Bruxelles, Belgique","restaurant","Gaufres à tester ","","À essayer#Cadre sympa",""
"Grizzly","Parvis de la Trinité 10, 1050 Ixelles, Belgique","restaurant","Très bon brunch et très joli cadre ","","À essayer#Amis#Brunch",""
"Brussels Beer Project","Rue Antoine Dansaert 188, 1000 Bruxelles, Belgique","restaurant","Déco incroyable, très bonne ambiance et très sympa avec des bières artisanales ! A essayer ","","Ambiance#À essayer#Amis",""
"C'est Bon C'est Belge","14, Rue de Bon Secours 14, 1000 Bruxelles, Belgique","restaurant","Cuisine locale et pas chère ","","Restaurant",""
"Cafe Bar Chez Teresa","Chaussée de Boondael 327 1050 Ixelles Belgium","generic","","","À essayer#Ambiance#Bar",""
"Le Jardin de Nicolas","Avenue de Tervueren 137, 1150 Woluwe-Saint-Pierre, Belgique","restaurant","Vraiment top ","2.5","À essayer",""
"Atelier du Marché","4 Rue Saussier-Leroy, 75017 Paris, France","restaurant","Très bon resto avec des produits de qualité et personnel très sympathique et accueillant ! Recommandé ++ ","","Ambiance#Cadre sympa#Restaurant#Viandes#Carpe diem",""
"Chope-moi","32 Boulevard de Clichy, 75018 Paris","generic","Très bon cocktail gin à la pêche/ grenadine ! ","","Ambiance#Amis#À essayer#Happy hour#Sans reservation",""
"Seguin Sound","1, Parvis de l'Île Seguin, 92100, 92100 Boulogne-Billancourt, France","restaurant","","","Happy hour#Amis#Bar",""
"Presto Fresco","14 rue Montmartre, Paris 75001","restaurant","Tres joli deco ! Pates maison et copieux ! A 2 pas de chatelet ( cote st eustache) ","4","Italien#Restaurant#À essayer#Ambiance#Cadre sympa#Fancy",""
"Il Gattopardo","22 Rue Paul Bert, 92100 Boulogne-Billancourt, France","restaurant","Bon italien ! ","","À essayer#Restaurant#Italien",""
"La Citadelle des Grands Boulevards","24 Bd des Italiens, 75009 Paris, France","restaurant","Bon gin to! Petit tips: commander au bar et aller du côté « afterwork » ( à droite) pour avoir des prix pas chers a contrario de la terrasse assise. ","","Cocktails#Amis#Bar",""
"Chez Paolo","21 Rue Pierre Fontaine, 75009 Paris, France","restaurant","Très bon italien près de Pigalle et pas cher ! Serveur très sympathique ( petit digestif offert et verre de rosé aussi) ! Grande salle au sous-sol : parfait pour AW ou hiver/pluie","","Amis#Italien#Parfait pour l’hiver ou pluie#Pizza#Pas cher#Restaurant",""
"Le Cafe des Marroniers","59 Rue de Tocqueville 75017 Paris France","fastfood","Happy hour de 16-22h avec cocktails à 5 euros ! Gin to très appreciable pour ce Prix ! ","","Gin to pas cher#Ambiance#Amis#Bar#Happy hour",""
"Palatino","22 Boulevard des Batignolles, 75017 Paris, France","restaurant","Très bonnes pizzas et pas chères! Ambiance Très conviviale ","","Pizza#Ambiance#Amis#Pizza pas chere et top",""
"Les Ecuries","8 Rue Bachaumont, 75002 Paris, France","bar","","","À essayer#Ambiance#Bar#Parfait pour l’hiver ou pluie",""
"IT Trattoria Clichy","104 Boulevard de Clichy, 75018 Paris, France","restaurant","Pizza basique à 5 euros 90 ! Vraiment top pour une soirée bar et petite faim ","","Pizza",""
"Le Parigi","30 Rue de la Grande Truanderie, 75001 Paris, France","restaurant","","","Gin to pas cher#À essayer#Amis",""
"Le Petit Bouillon Pharamond","24 Rue de la Grande Truanderie, 75001 Paris, France","restaurant","","","Pas cher#Restaurant",""
"Le Cappucino","14 Rue du Grand Marché, 37000 Tours, France","restaurant","","","Pates àla truffe#Restaurant#Cadre sympa#Italien",""
"Le KAA","18 Rue de la Paix, 37000 Tours, France","bar","","","Gin to pas cher#Amis#Bar",""
"GUSTO","10 Rue de la Rôtisserie, 37000 Tours, France","restaurant","","","Italien#À essayer#Restaurant",""
"L'Embellie","21 Rue de la Monnaie, 37000 Tours, France","restaurant","","","À essayer#Restaurant",""
"Gueuleton Reims","1 Place Martyrs de la Résistance, 51100 Reims, France","restaurant","","","Tres bon gin to#Restaurant#Cadre sympa#Viandes",""
"The Glue Pot","Place Drouet d'Erlon France","bar","","","Viandes#Ambiance#Amis#Bar#Restaurant",""
"Royal Champagne Hotel & Spa","9 Rue de la République - Hameau de, Rue de Bellevue, 51160 Champillon, France","lodging","Rooftop sur toute la champagne ardennes avec superbes cocktails ! ","","Cocktails#Cadre sympa#Rooftop",""
"Au Bureau Reims Cathédrale","9 Place du Cardinal Luçon, Reims 51100","cafe","Superbe vue sur la cathédrale pour boire des gin to🕺🏻","","Cadre sympa",""
"PERCHINGBAR","faux de Verzy, 51380 Verzy, France","bar","","","À essayer#Cadre sympa#Champagne bar#Bar",""
"Guinguette La Javelle","De l'autre côte du Boulevard, 20 Bd Poniatowski, 75012 Paris, France","bar","","","À essayer#Ambiance#Bar#Cadre sympa#Guinguette",""
"Chez Bouboule","46 Rue d'Argout, 75002 Paris, France","bar","","","Ambiance#Gin to pas cher#Amis#Bar",""
"Tonton Des Dames","94 Rue Des Dames Paris 75017","restaurant","Bar à viandes ","","Restaurant#Amis#Viandes#À essayer",""
"CHOPE - MOI Republique","30 Bd du Temple Paris 75011","bar","","","Gin to pas cher#Ambiance#Amis#À essayer",""
"Ground Control","81 Rue du Charolais, 75012 Paris, France","bar","","2.5","Ambiance#Street food#Cocktail pas bon#Amis",""
"Asphalte Bar","115 Boulevard de Grenelle 75015 Paris France","generic","","","Gin to pas cher#Bar",""
"BigLove","30 Rue Debelleyme, Paris 75003","restaurant","","","Pates àla truffe#Restaurant#Amis#Ambiance",""
"Libertino","44 Rue de Paradis, Paris 75010","restaurant","","","Amis#Restaurant#Pates àla truffe#Ambiance",""