{"type":"FeatureCollection","features":[{"type":"Feature","geometry":{"type":"Point","coordinates":[-0.38635,39.48484]},"properties":{"name":"Atenea Sky Rooftop","address":"C/ de Moratín, 12, Ciutat Vella, 46002 València, Valencia, Spain","icon":"bar","userComment":"Rooftop avec vue sur le centre de valenciaaa! Très bon cocktail et tapas délicieuses ","tags":[{"name":"Carpe diem","color":"#642fd1"},{"name":"Cadre sympa","color":"#ee34af"},{"name":"Fancy","color":"#0723cc"},{"name":"Rooftop","color":"#40b4fb"},{"name":"Specialites locales","color":"#2dadd2"},{"name":"Cocktails","color":"#d1b524"}]}},{"type":"Feature","geometry":{"type":"Point","coordinates":[-0.38078,39.476]},"properties":{"name":"Oi Vita Pizzeria Napoletana and Drinks","address":"Carrer de la Conquista, 8, 46001 Valence, Valencia, Espagne","icon":"restaurant","userComment":"Excellent Italien ! Super ! Pizza only ","tags":[{"name":"Restaurant","color":"#ff5161"},{"name":"Pizza","color":"#a2d408"},{"name":"Italien","color":"#f27b3c"}]}},{"type":"Feature","geometry":{"type":"Point","coordinates":[-0.3442632,39.4737835]},"properties":{"name":"MarbellaTheLatinClub","address":"Plaça d'Hondures, 34, 46022 València, Valencia, Spain","icon":"generic","userComment":"Bar club latino où on danse la salsa","tags":[{"name":"Bar","color":"#2ad93c"},{"name":"Latino","color":"#cf1092"}]}},{"type":"Feature","geometry":{"type":"Point","coordinates":[-0.378973,39.47654409999999]},"properties":{"name":"Johnny Maracas S.C.","address":"Carrer dels Cavallers, 39, 46001 Valence, Valencia, Espagne","icon":"nightclub","userComment":"Bar dansant latino ","tags":[{"name":"Ambiance","color":"#fb4c42"},{"name":"Bar","color":"#2ad93c"},{"name":"Latino","color":"#cf1092"}]}},{"type":"Feature","geometry":{"type":"Point","coordinates":[-0.373610258102417,39.460777282714844]},"properties":{"name":"Egeo Suvlakeria Griega , Ruzafa","address":"Carrer del Literat Azorín, 8, 46006 Valence, Valencia, Espagne","icon":"restaurant","userComment":"Resto grec sympa pour manger rapidement et efficacement ","tags":[{"name":"Greek","color":"#538df9"},{"name":"Restaurant","color":"#ff5161"}]}},{"type":"Feature","geometry":{"type":"Point","coordinates":[-0.32182,39.46274]},"properties":{"name":"Marina Beach Club","address":"Marina de Valencia, Poblados Marítimos, 46001 Valencia, Spain","icon":"restaurant","userComment":"Resto vue mer très sympa et excellentes nourritures ! Tapas et paella amazing ","tags":[{"name":"Ambiance","color":"#fb4c42"},{"name":"Amis","color":"#408fff"},{"name":"À essayer","color":"#6edf38"},{"name":"Beach club","color":"#92d247"},{"name":"Carpe diem","color":"#642fd1"},{"name":"Cadre sympa","color":"#ee34af"},{"name":"Excellent","color":"#a844e5"},{"name":"Fancy","color":"#0723cc"},{"name":"Restaurant","color":"#ff5161"}]}},{"type":"Feature","geometry":{"type":"Point","coordinates":[2.3498739,48.8418206]},"properties":{"name":"La Crête","address":"85 Rue Mouffetard, 75005 Paris, France","icon":"restaurant","userComment":"Resto grec conseillé par Hakim ","tags":[{"name":"Sans reservation","color":"#f71a45"},{"name":"Restaurant","color":"#ff5161"},{"name":"Greek","color":"#538df9"}]}},{"type":"Feature","geometry":{"type":"Point","coordinates":[2.320244789123535,48.842811584472656]},"properties":{"name":"Paris Bogota","address":"30 Avenue du Maine, 75015 Paris, France","icon":"restaurant","userComment":"Colombien à essayer ++","tags":[{"name":"Sans reservation","color":"#f71a45"},{"name":"À essayer","color":"#6edf38"},{"name":"Carpe diem","color":"#642fd1"},{"name":"Restaurant","color":"#ff5161"}]}},{"type":"Feature","geometry":{"type":"Point","coordinates":[2.3097715377807617,48.85193634033203]},"properties":{"name":"Table d’istrees","address":"35 Avenue Duquesne, 75007 Paris, France","icon":"generic","userComment":"Formule du midi à 14,90 entrée plat dessert","tags":[{"name":"Sans reservation","color":"#f71a45"},{"name":"Restaurant","color":"#ff5161"}]}},{"type":"Feature","geometry":{"type":"Point","coordinates":[2.295485,48.84642660000001]},"properties":{"name":"Le Café du Commerce","address":"51 Rue du Commerce, 75015 Paris, France","icon":"restaurant","tags":[{"name":"Sans reservation","color":"#f71a45"},{"name":"Restaurant","color":"#ff5161"}]}},{"type":"Feature","geometry":{"type":"Point","coordinates":[2.3476869,48.86938689999999]},"properties":{"name":"La Boissonnière","address":"17 Rue Poissonnière, 75002 Paris, France","icon":"nightclub","userComment":"Bar ","tags":[{"name":"Bar","color":"#2ad93c"}]}},{"type":"Feature","geometry":{"type":"Point","coordinates":[2.3556151,48.8583816]},"properties":{"name":"Nèulo","address":"46 Rue Ste-Croix de la Bretonnerie, 75004 Paris, France","icon":"restaurant","userComment":"Spécialité le flan !!","tags":[{"name":"Sans reservation","color":"#f71a45"},{"name":"Fancy","color":"#0723cc"},{"name":"French cook","color":"#d63f11"},{"name":"Gouter","color":"#485ef2"}]}},{"type":"Feature","geometry":{"type":"Point","coordinates":[2.3546435,48.85883219999999]},"properties":{"name":"Baobar","address":"42 Rue Sainte-Croix-de-la-Bretonnerie 75004 Paris France","icon":"restaurant","userComment":"Bao très bon ! Possible de réserver ! Très sympa et un joli moment à passer ! Je recommande vivement ! ","tags":[{"name":"À essayer","color":"#6edf38"},{"name":"Bao","color":"#f0632f"},{"name":"Carpe diem","color":"#642fd1"}]}},{"type":"Feature","geometry":{"type":"Point","coordinates":[2.35882,48.856991]},"properties":{"name":"Holy cookie","address":"18 Rue des Ecouffes, 75004 Paris, France","icon":"geocode","userComment":"Cookie où tu fais toi meme ton cookie. A tester une fois ","tags":[{"name":"Gateaux","color":"#d2ae46"},{"name":"Gouter","color":"#485ef2"}]}},{"type":"Feature","geometry":{"type":"Point","coordinates":[2.36067,48.86387819999999]},"properties":{"name":"Bontemps","address":"57 Rue de Bretagne, 75003 Paris, France","icon":"bakery","userComment":"Tea time tres bon dans le marais ","tags":[{"name":"À essayer","color":"#6edf38"},{"name":"Gateaux","color":"#d2ae46"},{"name":"Gouter","color":"#485ef2"},{"name":"Teatime","color":"#ef02f3"}]}},{"type":"Feature","geometry":{"type":"Point","coordinates":[0.6887195706367493,47.38921356201172]},"properties":{"name":"Maison Gloria","address":"15 Place Jean Jaurès, 37000 Tours, France","icon":"restaurant","userComment":"Tres bon resto a JJ ","tags":[{"name":"Fancy","color":"#0723cc"},{"name":"Restaurant","color":"#ff5161"}]}},{"type":"Feature","geometry":{"type":"Point","coordinates":[2.3489818,48.8431069]},"properties":{"name":"Kokodak 코코닥","address":"8 Rue du Pot de Fer, 75005 Paris, France","icon":"restaurant","userComment":"Fusion italien coréen ","tags":[{"name":"Sans reservation","color":"#f71a45"},{"name":"Coreen","color":"#109dda"},{"name":"Italien","color":"#f27b3c"},{"name":"Restaurant","color":"#ff5161"}]}},{"type":"Feature","geometry":{"type":"Point","coordinates":[2.34411,48.88102]},"properties":{"name":"Les Confrères","address":"57 Rue Rodier, 75009 Paris, France","icon":"restaurant","userComment":"À tester : trees bon apparemment  ","tags":[{"name":"Sans reservation","color":"#f71a45"},{"name":"Restaurant","color":"#ff5161"}]}},{"type":"Feature","geometry":{"type":"Point","coordinates":[2.3316551,48.8811049]},"properties":{"name":"Blabla","address":"66 Rue Blanche, 75009 Paris, France","icon":"cafe","userComment":"Mezze à partager tres sympasss! Tres copieux ! Tout fait maison et tres bon ! Une belle trouvaille \nPatron adorable\nReservable pour groupe  ","tags":[{"name":"A partager","color":"#f35947"},{"name":"À essayer","color":"#6edf38"},{"name":"Ambiance","color":"#fb4c42"},{"name":"Amis","color":"#408fff"},{"name":"Bar","color":"#2ad93c"},{"name":"Carpe diem","color":"#642fd1"},{"name":"Cocktails","color":"#d1b524"},{"name":"Mediterraneen","color":"#0902fb"}]}},{"type":"Feature","geometry":{"type":"Point","coordinates":[2.3260231,48.8731945]},"properties":{"name":"Cafe Fino","address":"59 Rue des Mathurins, 75008 Paris, France","icon":"cafe","userComment":"Brunch ","tags":[{"name":"Sans reservation","color":"#f71a45"},{"name":"Brunch","color":"#f033cb"}]}},{"type":"Feature","geometry":{"type":"Point","coordinates":[5.369156500000001,43.2644029]},"properties":{"name":"La Cabane des Amis","address":"Plage de l’Huveaune, En face du 7 avenue Pierre Mendès, 13008 Marseille, France","icon":"nightclub","userComment":"Beach club festif et tres sympa","tags":[{"name":"Ambiance","color":"#fb4c42"},{"name":"Amis","color":"#408fff"},{"name":"À essayer","color":"#6edf38"},{"name":"Beach club","color":"#92d247"},{"name":"Carpe diem","color":"#642fd1"},{"name":"Cadre sympa","color":"#ee34af"},{"name":"Cocktails","color":"#d1b524"},{"name":"Fancy","color":"#0723cc"},{"name":"Festif","color":"#41d55b"},{"name":"Street food","color":"#32d7c9"},{"name":"Vue mer","color":"#d2b251"}]}},{"type":"Feature","geometry":{"type":"Point","coordinates":[5.3077151,43.2797966]},"properties":{"name":"Ou Sinon","address":"1 Quai d'Honneur Île Ratonneau, 13007 Marseille, France","icon":"restaurant","userComment":"Resto vue port excellent ","tags":[{"name":"À essayer","color":"#6edf38"},{"name":"Authentique","color":"#855af1"},{"name":"Carpe diem","color":"#642fd1"},{"name":"Excellent","color":"#a844e5"},{"name":"Fruits de mer","color":"#4072d8"},{"name":"Restaurant","color":"#ff5161"}]}},{"type":"Feature","geometry":{"type":"Point","coordinates":[5.374910799999999,43.29593539999999]},"properties":{"name":"Le Métropole","address":"2 Place Gabriel Péri, 13001 Marseille, France","icon":"restaurant","userComment":"Très bon glacier ","tags":[{"name":"Glace","color":"#49ceb7"}]}},{"type":"Feature","geometry":{"type":"Point","coordinates":[5.373198509216309,43.29338455200195]},"properties":{"name":"Chez lulu","address":"Place Thiars, 13001 Marseille, France","icon":"generic","userComment":"Tres bon resto avce de tres bon produits","tags":[{"name":"Excellent","color":"#a844e5"},{"name":"Fancy","color":"#0723cc"},{"name":"Restaurant","color":"#ff5161"},{"name":"Cadre sympa","color":"#ee34af"}]}},{"type":"Feature","geometry":{"type":"Point","coordinates":[5.389213562011719,43.299739837646484]},"properties":{"name":"l'arbre bleu marseille","address":"13 Rue d'Oran, 13004 Marseille, France","icon":"fitness","userComment":"Bar a cocktail sur le vieux port ","tags":[{"name":"Amis","color":"#408fff"},{"name":"Ambiance","color":"#fb4c42"},{"name":"Bar","color":"#2ad93c"},{"name":"Cocktails","color":"#d1b524"}]}},{"type":"Feature","geometry":{"type":"Point","coordinates":[2.3453673,48.8645451]},"properties":{"name":"Le Comptoir de la Gastronomie","address":"34 Rue Montmartre, 75001 Paris, France","icon":"restaurant","userComment":"À essayer : bistronomique prix un peu élevé ","tags":[{"name":"Sans reservation","color":"#f71a45"},{"name":"À essayer","color":"#6edf38"}]}},{"type":"Feature","geometry":{"type":"Point","coordinates":[2.2604321,48.8634503]},"properties":{"name":"Le Chalet des Îles (Chalet des Îles)","address":"Lac Inférieur du Bois de Boulogne, 75016 Paris, France","icon":"restaurant","userComment":"Endroit insolite en plein Paris. \nChalet sur une ile avec un cadre bucolique et idyllique . Pour y accéder, un peu laborieux à pied et prendre une navette bateau ensuite.\nRepas tres bon service impeccable.\nUne bulle d’air et un grand bol d’air frais en plein paris. Très sympa.","tags":[{"name":"À essayer","color":"#6edf38"},{"name":"Ambiance","color":"#fb4c42"},{"name":"Cadre sympa","color":"#ee34af"},{"name":"Carpe diem","color":"#642fd1"},{"name":"Excellent","color":"#a844e5"},{"name":"Fancy","color":"#0723cc"},{"name":"Restaurant","color":"#ff5161"},{"name":"Vue panoramique","color":"#57aef5"}]}},{"type":"Feature","geometry":{"type":"Point","coordinates":[2.328817,48.872639]},"properties":{"name":"La petite Bleue BRUNCH & COFFEE","address":"13 Rue Auber, 75009 Paris, France","icon":"restaurant","userComment":"Brunch non reservablr ","tags":[{"name":"Sans reservation","color":"#f71a45"},{"name":"À essayer","color":"#6edf38"},{"name":"Brunch","color":"#f033cb"}]}},{"type":"Feature","geometry":{"type":"Point","coordinates":[2.3716062,48.8556055]},"properties":{"name":"Les Compères","address":"10 Rue Sedaine, 75011 Paris, France","icon":"restaurant","tags":[{"name":"Sans reservation","color":"#f71a45"},{"name":"Brasserie","color":"#0c65fd"}]}},{"type":"Feature","geometry":{"type":"Point","coordinates":[3.2768118381500244,42.287723541259766]},"properties":{"name":"Lua wine & soul food","address":"Plaça Sa Plaça, 7, 17488 Cadaqués, Girona, Espagne","icon":"restaurant","userComment":"Resto excellent dans une ruelle adorable.  On ne peut qu’aimer. Cuisine healthy ","tags":[{"name":"À essayer","color":"#6edf38"},{"name":"Cadre sympa","color":"#ee34af"},{"name":"Carpe diem","color":"#642fd1"},{"name":"Excellent","color":"#a844e5"},{"name":"Fancy","color":"#0723cc"},{"name":"Restaurant","color":"#ff5161"}]}},{"type":"Feature","geometry":{"type":"Point","coordinates":[3.279609,42.2892008]},"properties":{"name":"Set","address":"Plaça del Port Ditxos, 8, 17488 Cadaqués, Girona, Espagne","icon":"lodging","userComment":"Brunch cadre tres sympa vue mer ","tags":[{"name":"Ambiance","color":"#fb4c42"},{"name":"Brunch","color":"#f033cb"},{"name":"Cadre sympa","color":"#ee34af"}]}},{"type":"Feature","geometry":{"type":"Point","coordinates":[1.436085,43.603705]},"properties":{"name":"Le Bar Basque","address":"7 Place Saint-Pierre, 31000 Toulouse, France","icon":"restaurant","userComment":"Bar cadre tres sympa avec terrasse intérieure très agréable ","tags":[{"name":"Bar","color":"#2ad93c"},{"name":"Cadre sympa","color":"#ee34af"}]}},{"type":"Feature","geometry":{"type":"Point","coordinates":[1.4447671175003052,43.60236740112305]},"properties":{"name":"Visionnaire","address":"23 Place des Puits Clos, 31000 Toulouse, France","icon":"generic","userComment":"Coffee shop tres tres sympa avec boutique de vetements à l’interieur. Boutique/cafe de big flo et oli. Excellents cafes et glaces et cadre tres calme ","tags":[{"name":"À essayer","color":"#6edf38"},{"name":"Cafe","color":"#cd3f75"},{"name":"Cadre sympa","color":"#ee34af"},{"name":"Carpe diem","color":"#642fd1"},{"name":"Work","color":"#e95dc2"}]}},{"type":"Feature","geometry":{"type":"Point","coordinates":[2.2353666,48.8404208]},"properties":{"name":"Le Parchamp Table, Rooftop & Bar","address":"Rooftop & Bar, 114 Route de la Reine, 92100 Boulogne-Billancourt, France","icon":"restaurant","userComment":"Rooftop","tags":[{"name":"Sans reservation","color":"#f71a45"},{"name":"À essayer","color":"#6edf38"},{"name":"Rooftop","color":"#40b4fb"}]}},{"type":"Feature","geometry":{"type":"Point","coordinates":[3.662139892578125,43.393890380859375]},"properties":{"name":"L'Estacade","address":"11 Place de la Capitainerie, 34200 Sète, France","icon":"restaurant","userComment":"Estacade aux quilles ","tags":[{"name":"Sans reservation","color":"#f71a45"},{"name":"Restaurant","color":"#ff5161"}]}},{"type":"Feature","geometry":{"type":"Point","coordinates":[3.692895999999999,43.39518899999999]},"properties":{"name":"La Coquerie","address":"1 Chemin du Cimetière Marin, 34200 Sète, France","icon":"restaurant","userComment":"Gastro sur resa","tags":[{"name":"Sans reservation","color":"#f71a45"},{"name":"Restaurant","color":"#ff5161"}]}},{"type":"Feature","geometry":{"type":"Point","coordinates":[3.6961343,43.40210829999999]},"properties":{"name":"La Prohibition","address":"14 Rue André Portes, 34200 Sète, France","icon":"restaurant","userComment":"Excellent resto de quartier près des halles !  Carte qui change chaque semaine en fonction des arrivages. Penser à reserver ! A y aller sans hesiter apres le marché : quel bonheur","tags":[{"name":"Carpe diem","color":"#642fd1"},{"name":"Restaurant","color":"#ff5161"},{"name":"Authentique","color":"#855af1"},{"name":"Bistronomique","color":"#9b0ee4"},{"name":"Excellent","color":"#a844e5"},{"name":"Mediterraneen","color":"#0902fb"},{"name":"Poisson","color":"#f61c82"},{"name":"Specialites locales","color":"#2dadd2"}]}},{"type":"Feature","geometry":{"type":"Point","coordinates":[2.377235199999999,48.8523007]},"properties":{"name":"Les Passagers de Beyrouth","address":"18 Passage de la Bonne Graine, 75011 Paris, France","icon":"restaurant","userComment":"Libanais à tester ++","tags":[{"name":"Sans reservation","color":"#f71a45"},{"name":"À essayer","color":"#6edf38"},{"name":"Libanais","color":"#df2ba4"}]}},{"type":"Feature","geometry":{"type":"Point","coordinates":[1.9046219,47.8983996]},"properties":{"name":"Le Chien Fou","address":"3 Rue Jean Hupeau, 45000 Orléans, France","icon":"restaurant","userComment":"Resto gueuleton : excellentes viandes et vins.\n","tags":[{"name":"Authentique","color":"#855af1"},{"name":"Gueuleton","color":"#e4559f"},{"name":"Carpe diem","color":"#642fd1"},{"name":"Excellent","color":"#a844e5"},{"name":"Viandes","color":"#cf1c02"},{"name":"Wine","color":"#5412d1"},{"name":"Restaurant","color":"#ff5161"}]}},{"type":"Feature","geometry":{"type":"Point","coordinates":[1.9086321592330933,47.89801025390625]},"properties":{"name":"L'Inexplosible","address":"3 Quai du Châtelet, 45000 Orléans, France","icon":"nightclub","userComment":"Bar peniche festif tres sympa aux bords de loire ","tags":[{"name":"Bar","color":"#2ad93c"},{"name":"Cocktails","color":"#d1b524"},{"name":"Carpe diem","color":"#642fd1"},{"name":"Fancy","color":"#0723cc"},{"name":"Festif","color":"#41d55b"}]}},{"type":"Feature","geometry":{"type":"Point","coordinates":[2.294485092163086,48.884273529052734]},"properties":{"name":"Faby","address":"67 Rue Rennequin, 75017 Paris, France","icon":"restaurant","userComment":"Bar à vin 17 eme ","tags":[{"name":"Sans reservation","color":"#f71a45"},{"name":"À essayer","color":"#6edf38"},{"name":"Bar à vin","color":"#ea30d5"}]}},{"type":"Feature","geometry":{"type":"Point","coordinates":[6.129053115844727,49.61083984375]},"properties":{"name":"QoSQo Ville","address":"15 Place d'Armes, 1136 Luxembourg, Luxembourg","icon":"restaurant","userComment":"Mexicain sympa dans la place centrale ","tags":[{"name":"Mexicain","color":"#e03ced"}]}},{"type":"Feature","geometry":{"type":"Point","coordinates":[6.133144399999999,49.61150319999999]},"properties":{"name":"Kaale Kaffi","address":"9 Rue de la Boucherie, 1247 Luxembourg, Luxembourg","icon":"cafe","userComment":"Cocktails excellents ! Spritz comme on les aime avec un serveur haut en couleur ! Decor tres original et fancy ! Bar qu’on ne peut que recommander ","tags":[{"name":"Ambiance","color":"#fb4c42"},{"name":"Authentique","color":"#855af1"},{"name":"Cadre sympa","color":"#ee34af"},{"name":"Carpe diem","color":"#642fd1"},{"name":"Cocktails","color":"#d1b524"},{"name":"Excellent","color":"#a844e5"},{"name":"Fancy","color":"#0723cc"},{"name":"Bar","color":"#2ad93c"}]}},{"type":"Feature","geometry":{"type":"Point","coordinates":[6.129557999999999,49.6121092]},"properties":{"name":"Hertz Pop/Up","address":"44 Grand-rue, 1660 Luxembourg, Luxembourg","icon":"restaurant","userComment":"Brunch tres sympa et tres bon","tags":[{"name":"À essayer","color":"#6edf38"},{"name":"Brunch","color":"#f033cb"},{"name":"Carpe diem","color":"#642fd1"}]}},{"type":"Feature","geometry":{"type":"Point","coordinates":[6.1262347,49.6116649]},"properties":{"name":"Ciao Bella","address":"49 Boulevard Royal, L-2449 Ville Haute, Luxembourg","icon":"wine","userComment":"Resto italien tres copieux et bon","tags":[{"name":"Excellent","color":"#a844e5"},{"name":"Restaurant","color":"#ff5161"},{"name":"Pizza","color":"#a2d408"},{"name":"Pasta","color":"#f93bdb"}]}},{"type":"Feature","geometry":{"type":"Point","coordinates":[6.207461699999999,49.93368349999999]},"properties":{"name":"Café du-Pont","address":"1 Grand-Rue, L-9410 Vianden, Luxembourg","icon":"restaurant","userComment":"Resto au dessus de l’our ! Plats genereux  ","tags":[{"name":"Cadre sympa","color":"#ee34af"},{"name":"Restaurant","color":"#ff5161"}]}},{"type":"Feature","geometry":{"type":"Point","coordinates":[6.133954999999999,49.6111829]},"properties":{"name":"Ennert de Steiler","address":"2 Rue de la Loge, L-1945 Ville Haute, Luxembourg","icon":"restaurant","userComment":"Bar tres tres cool ! Terrasse adorable et balcon trop chouette ! Ambiance sympa ","tags":[{"name":"Ambiance","color":"#fb4c42"},{"name":"Amis","color":"#408fff"},{"name":"À essayer","color":"#6edf38"},{"name":"Bar","color":"#2ad93c"}]}},{"type":"Feature","geometry":{"type":"Point","coordinates":[2.3627994060516357,48.84971237182617]},"properties":{"name":"TiTi Palacio","address":"17 Boulevard Morland, 75004 Paris, France","icon":"restaurant","userComment":"Excellent bar tres fancy : ideal piir groupe ou afterwork fancy ! Ambiance festif ! A cote des nautes ! Tres chouette et cool","tags":[{"name":"Ambiance","color":"#fb4c42"},{"name":"À essayer","color":"#6edf38"},{"name":"Bar","color":"#2ad93c"},{"name":"Cocktails","color":"#d1b524"},{"name":"Cadre sympa","color":"#ee34af"},{"name":"Carpe diem","color":"#642fd1"},{"name":"Fancy","color":"#0723cc"},{"name":"Festif","color":"#41d55b"}]}},{"type":"Feature","geometry":{"type":"Point","coordinates":[2.368056499999999,48.86884910000001]},"properties":{"name":"À la Bonne Bière","address":"32 Rue du Faubourg du Temple, 75011 Paris, France","icon":"restaurant","userComment":"Bar repu ","tags":[{"name":"Bar","color":"#2ad93c"}]}},{"type":"Feature","geometry":{"type":"Point","coordinates":[2.3645859,48.8716544]},"properties":{"name":"Chez Prune","address":"36 Rue Beaurepaire, 75010 Paris, France","icon":"nightclub","userComment":"Bar canal st martin ","tags":[{"name":"Bar","color":"#2ad93c"}]}},{"type":"Feature","geometry":{"type":"Point","coordinates":[2.2364489,48.8432481]},"properties":{"name":"Barbacoa","address":"38 Rue d'Aguesseau, 92100 Boulogne-Billancourt, France","icon":"restaurant","userComment":"Tres bon resto et tres copieux ","tags":[{"name":"Restaurant","color":"#ff5161"}]}},{"type":"Feature","geometry":{"type":"Point","coordinates":[2.351482391357422,48.87080764770508]},"properties":{"name":"Parenthèse Brunch","address":"9 Rue de Mazagran, 75010 Paris, France","icon":"restaurant","userComment":"Brunch reservable tres sympa je reco  car tres copieux et tres bon","tags":[{"name":"Brunch","color":"#f033cb"},{"name":"Carpe diem","color":"#642fd1"}]}},{"type":"Feature","geometry":{"type":"Point","coordinates":[2.3632317,48.8651878]},"properties":{"name":"Nessia","address":"6 Rue Charles-François Dupuis, 75003 Paris, France","icon":"restaurant","tags":[{"name":"Sans reservation","color":"#f71a45"},{"name":"Bistrot","color":"#5061ff"},{"name":"Restaurant","color":"#ff5161"}]}},{"type":"Feature","geometry":{"type":"Point","coordinates":[2.3378336,48.85343289999999]},"properties":{"name":"La Grande Cremerie","address":"8 Rue Grégoire de Tours, 75006 Paris, France","icon":"restaurant","userComment":"Bar à vin et tapas odeon ! Lieu très sympa et cocooning ","tags":[{"name":"À essayer","color":"#6edf38"},{"name":"A partager","color":"#f35947"},{"name":"Tapas","color":"#cc4638"},{"name":"Bar à vin","color":"#ea30d5"},{"name":"Cadre sympa","color":"#ee34af"}]}},{"type":"Feature","geometry":{"type":"Point","coordinates":[2.349392890930176,48.870174407958984]},"properties":{"name":"Le Croquis","address":"25 Boulevard de Bonne Nouvelle, 75002 Paris, France","icon":"restaurant","tags":[{"name":"Sans reservation","color":"#f71a45"},{"name":"Restaurant","color":"#ff5161"},{"name":"Bar à vin","color":"#ea30d5"}]}},{"type":"Feature","geometry":{"type":"Point","coordinates":[0.6904085999999999,47.3959984]},"properties":{"name":"Hansel et Gretel","address":"74 Rue Colbert, 37000 Tours, France","icon":"restaurant","userComment":"Brunch à reserver !! Tout est fait maison sous nos yeux ! Franchement sur cote et rien d’extraordinaire : decevant ","tags":[{"name":"Brunch","color":"#f033cb"}]}},{"type":"Feature","geometry":{"type":"Point","coordinates":[0.6799997687339783,47.39426803588867]},"properties":{"name":"Verjus","address":"50 Rue du Grand Marché, 37000 Tours, France","icon":"generic","userComment":"Resto bistronomique ! Excellent ! Formule du midi tres avantageuse avec carte qui change toutes les semaines ","tags":[{"name":"À essayer","color":"#6edf38"},{"name":"Ambiance","color":"#fb4c42"},{"name":"Amis","color":"#408fff"},{"name":"Authentique","color":"#855af1"},{"name":"Bistronomique","color":"#9b0ee4"},{"name":"Bistrot","color":"#5061ff"},{"name":"Carpe diem","color":"#642fd1"},{"name":"Restaurant","color":"#ff5161"}]}},{"type":"Feature","geometry":{"type":"Point","coordinates":[0.6802393198013306,47.39494705200195]},"properties":{"name":"Dahlia","address":"31 Rue Bretonneau, 37000 Tours, France","icon":"restaurant","userComment":"Resto mediterranneen ! Excellent ! Poulpe ++ \nService adorable et tres attentionne  ! A tester sans hesiter ! Reserver ++ ","tags":[{"name":"À essayer","color":"#6edf38"},{"name":"Carpe diem","color":"#642fd1"},{"name":"Fancy","color":"#0723cc"},{"name":"Mediterraneen","color":"#0902fb"},{"name":"Restaurant","color":"#ff5161"}]}},{"type":"Feature","geometry":{"type":"Point","coordinates":[2.3530999,48.8666868]},"properties":{"name":"Santa Lyna","address":"96 Bd de Sébastopol, 75003 Paris, France","icon":"restaurant","tags":[{"name":"Sans reservation","color":"#f71a45"},{"name":"Brunch","color":"#f033cb"}]}},{"type":"Feature","geometry":{"type":"Point","coordinates":[2.3763766,48.8539839]},"properties":{"name":"Kafkaf","address":"7 Rue Keller, 75011 Paris, France","icon":"restaurant","userComment":"Brunch ","tags":[{"name":"Sans reservation","color":"#f71a45"},{"name":"Brunch","color":"#f033cb"}]}},{"type":"Feature","geometry":{"type":"Point","coordinates":[2.3607699,48.8556851]},"properties":{"name":"Les Petites Bouchées","address":"4 Rue du Roi de Sicile, 75004 Paris, France","icon":"restaurant","tags":[{"name":"Sans reservation","color":"#f71a45"},{"name":"À essayer","color":"#6edf38"},{"name":"Restaurant","color":"#ff5161"}]}},{"type":"Feature","geometry":{"type":"Point","coordinates":[2.3811697959899902,48.85672378540039]},"properties":{"name":"Gibon","address":"52 Rue Richard Lenoir, 75011 Paris, France","icon":"restaurant","userComment":"Cuisine française avec bar à vin et assiettes à partager ! Note 5 /5 sur Google ! À tester ","tags":[{"name":"Sans reservation","color":"#f71a45"},{"name":"Ambiance","color":"#fb4c42"},{"name":"Bar à vin","color":"#ea30d5"},{"name":"A partager","color":"#f35947"}]}},{"type":"Feature","geometry":{"type":"Point","coordinates":[4.8439124,45.7507878]},"properties":{"name":"Mimo","address":"14 Rue de la Thibaùdière, 69007 Lyon, France","icon":"restaurant","userComment":"Resto italien tres bon ! Gnocchis frits excellentes ! Excellentes saveurs italiennes! A ne pas hesiter   ","tags":[{"name":"Ambiance","color":"#fb4c42"},{"name":"Cocktails","color":"#d1b524"},{"name":"Italien","color":"#f27b3c"}]}},{"type":"Feature","geometry":{"type":"Point","coordinates":[4.827220899999999,45.7629144]},"properties":{"name":"Chez Grand-Mère","address":"11 Rue du Boeuf, 69005 Lyon, France","icon":"restaurant","userComment":"Bouchon lyonnais ! Formule qui defie toute concurrence ! Bon pour un bouchon  ","tags":[{"name":"Authentique","color":"#855af1"},{"name":"Carpe diem","color":"#642fd1"}]}},{"type":"Feature","geometry":{"type":"Point","coordinates":[2.3355959,48.8517716]},"properties":{"name":"Avant Comptoir du Marché","address":"14 Rue Lobineau, 75006 Paris, France","icon":"restaurant","tags":[{"name":"Sans reservation","color":"#f71a45"},{"name":"Ambiance","color":"#fb4c42"},{"name":"Authentique","color":"#855af1"},{"name":"Bar à vin","color":"#ea30d5"}]}},{"type":"Feature","geometry":{"type":"Point","coordinates":[2.3463637828826904,48.88885498046875]},"properties":{"name":"Le Normandy","address":"13 Rue Custine, 75018 Paris, France","icon":"generic","userComment":"Tres bon bistrot de quartier  du 18 eme ! Carte qui change tout le temps avec 2 plats au choix ! \n\nFormule du midi à prix imbattable : 17 e plat et dessert ","tags":[{"name":"Authentique","color":"#855af1"},{"name":"À essayer","color":"#6edf38"},{"name":"Ambiance","color":"#fb4c42"},{"name":"Bistrot","color":"#5061ff"},{"name":"Brasserie","color":"#0c65fd"},{"name":"Excellent","color":"#a844e5"}]}},{"type":"Feature","geometry":{"type":"Point","coordinates":[2.3521585,48.849925]},"properties":{"name":"Alimento","address":"9 Rue de Pontoise, 75005 Paris, France","icon":"restaurant","userComment":"Brunch reservable ! Formule à 32 euros  avec plats italiens ou classiques d’un brunch : c est bon et copieux mais attente pour être servi très très long .. à voir si ça en vaut la peine","tags":[{"name":"Brunch","color":"#f033cb"}]}},{"type":"Feature","geometry":{"type":"Point","coordinates":[2.3683456,48.871201]},"properties":{"name":"Princesse Café","address":"32 Rue Bichat, 75010 Paris, France","icon":"restaurant","userComment":"Brunch ","tags":[{"name":"Sans reservation","color":"#f71a45"},{"name":"À essayer","color":"#6edf38"},{"name":"Brunch","color":"#f033cb"}]}},{"type":"Feature","geometry":{"type":"Point","coordinates":[2.3718822,48.8661493]},"properties":{"name":"Mala Boom","address":"42 Rue Jean-Pierre Timbaud, 75011 Paris, France","icon":"restaurant","tags":[{"name":"Sans reservation","color":"#f71a45"},{"name":"Restaurant","color":"#ff5161"}]}},{"type":"Feature","geometry":{"type":"Point","coordinates":[2.3393167,48.8526663]},"properties":{"name":"Brasserie Des Prés","address":"6 Cr du Commerce Saint-André, 75006 Paris, France","icon":"restaurant","userComment":"Brasserie la nouvelle garde ! Reserver ++ adorable et bon ","tags":[{"name":"À essayer","color":"#6edf38"},{"name":"Ambiance","color":"#fb4c42"},{"name":"Brasserie","color":"#0c65fd"},{"name":"Fancy","color":"#0723cc"},{"name":"Restaurant","color":"#ff5161"}]}},{"type":"Feature","geometry":{"type":"Point","coordinates":[2.337805700000001,48.8517095]},"properties":{"name":"La Crèmerie","address":"9 Rue des Quatre Vents, 75006 Paris, France","icon":"nightclub","userComment":"Bar à vin ","tags":[{"name":"Bar à vin","color":"#ea30d5"},{"name":"Authentique","color":"#855af1"},{"name":"A partager","color":"#f35947"}]}},{"type":"Feature","geometry":{"type":"Point","coordinates":[2.333798899999999,48.85234939999999]},"properties":{"name":"Chez Bartolo","address":"7 Rue des Canettes, 75006 Paris, France","icon":"restaurant","tags":[{"name":"Sans reservation","color":"#f71a45"},{"name":"Restaurant","color":"#ff5161"},{"name":"Pizza","color":"#a2d408"}]}},{"type":"Feature","geometry":{"type":"Point","coordinates":[12.4779874,41.88838380000001]},"properties":{"name":"I Vascellari","address":"Via dei Vascellari 21, 00153 Roma, Italia","icon":"restaurant","userComment":"Petite adresse sympathique! Service un peu moyen mais nourriture excellente et peu chere  !\nCarte de vin sympa ","tags":[{"name":"Ambiance","color":"#fb4c42"},{"name":"Authentique","color":"#855af1"},{"name":"Cadre sympa","color":"#ee34af"},{"name":"Carpe diem","color":"#642fd1"},{"name":"Wine","color":"#5412d1"},{"name":"Restaurant","color":"#ff5161"},{"name":"Pasta","color":"#f93bdb"}]}},{"type":"Feature","geometry":{"type":"Point","coordinates":[12.4797754,41.9062965]},"properties":{"name":"Antica Enoteca","address":"Via della Croce 76B, 00187 Roma, Italia","icon":"restaurant","userComment":"Ambiance tres sympathique et decor adorable ! Excellent aperitivo et cuisine italienne très bonne ! Pecorino en aperitif incroyable ! Pasta a lla gricia tres bonnes","tags":[{"name":"À essayer","color":"#6edf38"},{"name":"Authentique","color":"#855af1"},{"name":"Excellent","color":"#a844e5"},{"name":"Restaurant","color":"#ff5161"},{"name":"Specialites locales","color":"#2dadd2"},{"name":"Pizza","color":"#a2d408"},{"name":"Pasta","color":"#f93bdb"},{"name":"Pas cher","color":"#0add54"}]}},{"type":"Feature","geometry":{"type":"Point","coordinates":[12.4681019,41.8903225]},"properties":{"name":"Hostaria La Botticella","address":"Vicolo del Leopardo 39A, 00153 Roma, Italia","icon":"restaurant","userComment":"Resto tres bien et à l’écart des touristes ! Tres tres bon et dame adorable ","tags":[{"name":"Authentique","color":"#855af1"},{"name":"À essayer","color":"#6edf38"},{"name":"Cadre sympa","color":"#ee34af"},{"name":"Excellent","color":"#a844e5"},{"name":"Restaurant","color":"#ff5161"},{"name":"Specialites locales","color":"#2dadd2"}]}},{"type":"Feature","geometry":{"type":"Point","coordinates":[12.4707169,41.8890265]},"properties":{"name":"Nannarella","address":"Piazza di San Calisto 7 A, 00153 Roma RM, Italia","icon":"restaurant","userComment":"Italien excellent en plein trastevere! Tres bien ! Spritz au top et pasta 🤌🏻","tags":[{"name":"Cadre sympa","color":"#ee34af"},{"name":"Excellent","color":"#a844e5"},{"name":"Restaurant","color":"#ff5161"},{"name":"Specialites locales","color":"#2dadd2"},{"name":"Pas cher","color":"#0add54"},{"name":"Pasta","color":"#f93bdb"}]}},{"type":"Feature","geometry":{"type":"Point","coordinates":[12.4710662,41.88813389999999]},"properties":{"name":"Ivo a Trastevere","address":"Via di San Francesco A Ripa 158, 00153 Roma, Italia","icon":"restaurant","userComment":"Pizzeria delicieuse mais dans son jus ! Service à l’italienne : quitte ou double ! Pizza incroyable et peu chere ! Amateur as roma vous allez adorer ! Prix qui défie toute concurrence ","tags":[{"name":"Authentique","color":"#855af1"},{"name":"À essayer","color":"#6edf38"},{"name":"Ambiance","color":"#fb4c42"},{"name":"Cadre sympa","color":"#ee34af"},{"name":"Pizza pas chere et top","color":"#3b3bd7"},{"name":"Restaurant","color":"#ff5161"}]}},{"type":"Feature","geometry":{"type":"Point","coordinates":[12.472655243866429,41.88573990745659]},"properties":{"name":"Cantina ripagrande","address":"Via di San Francesco A Ripa 97, 00153 Rome Latium, Italie","icon":"generic","userComment":"Excellent bar à vin","tags":[{"name":"Bar à vin","color":"#ea30d5"}]}},{"type":"Feature","geometry":{"type":"Point","coordinates":[2.2879946,48.8493156]},"properties":{"name":"JOYA","address":"47 Rue St Charles, 75015 Paris","icon":"restaurant","userComment":"Resto italien sans grand interet ","tags":[{"name":"Pizza","color":"#a2d408"},{"name":"Pates àla truffe","color":"#3316dc"},{"name":"Pasta","color":"#f93bdb"},{"name":"Restaurant","color":"#ff5161"},{"name":"Italien","color":"#f27b3c"}]}},{"type":"Feature","geometry":{"type":"Point","coordinates":[2.3895216,48.87940829999999]},"properties":{"name":"Botza","address":"86 Rue Botzaris, 75019 Paris, France","icon":"restaurant","userComment":"Bistrot de quartier à cote des buttes chaumont: rien de plus à dire  ","tags":[{"name":"Bar","color":"#2ad93c"},{"name":"Authentique","color":"#855af1"}]}},{"type":"Feature","geometry":{"type":"Point","coordinates":[2.3632331607305357,48.84999291245329]},"properties":{"name":"Bonnie","address":"10 Rue Agrippa d'Aubigné, 75004 Paris, France","icon":"restaurant","userComment":"Rooftop","tags":[{"name":"Sans reservation","color":"#f71a45"},{"name":"Bar","color":"#2ad93c"}]}},{"type":"Feature","geometry":{"type":"Point","coordinates":[2.3543194,48.8644682]},"properties":{"name":"404","address":"69 Rue des Gravilliers, 75003 Paris, France","icon":"restaurant","tags":[{"name":"Sans reservation","color":"#f71a45"},{"name":"Authentique","color":"#855af1"}]}},{"type":"Feature","geometry":{"type":"Point","coordinates":[19.060875,47.499387]},"properties":{"name":"Mika garden","address":"Kazinczy utca 47, Budapest 1075, Magyarország","icon":"generic","userComment":"Guinguette adorable dans le quartier juif ! Tres sympa et belle ambiance","tags":[{"name":"Bar","color":"#2ad93c"},{"name":"Ambiance","color":"#fb4c42"},{"name":"Authentique","color":"#855af1"}]}},{"type":"Feature","geometry":{"type":"Point","coordinates":[19.0584861,47.4873208]},"properties":{"name":"Fakanál Restaurant","address":"1093 Budapest, IX. kerület, Vámház körút 1., Magyarország","icon":"restaurant","userComment":"Halles centrales de budapest : plein de food street","tags":[{"name":"Authentique","color":"#855af1"},{"name":"Restaurant","color":"#ff5161"},{"name":"Specialites locales","color":"#2dadd2"}]}},{"type":"Feature","geometry":{"type":"Point","coordinates":[19.0703532,47.4987702]},"properties":{"name":"Horizont Cafe","address":"1073 Budapest, VII. kerület, Erzsébet körút 13., Magyarország","icon":"restaurant","userComment":"Brunch copieux et bon","tags":[{"name":"Brunch","color":"#f033cb"}]}},{"type":"Feature","geometry":{"type":"Point","coordinates":[19.0633845,47.4970109]},"properties":{"name":"Szimpla Kert","address":"Budapest, Kazinczy u. 14, 1075 Hongrie","icon":"bar","userComment":"Bar tres fancy et original ! Excellents cocktails et decos atypiques ! A faire absolument ! Festif et sympa ! Bref on adore ","tags":[{"name":"Bar","color":"#2ad93c"},{"name":"Ambiance","color":"#fb4c42"},{"name":"Cadre sympa","color":"#ee34af"},{"name":"Carpe diem","color":"#642fd1"},{"name":"Cocktails","color":"#d1b524"},{"name":"Festif","color":"#41d55b"},{"name":"Fancy","color":"#0723cc"}]}},{"type":"Feature","geometry":{"type":"Point","coordinates":[19.063894271850586,47.500484466552734]},"properties":{"name":"Il Mulino Italian Bistro","address":"1072 Budapest, VII. kerület, Klauzál tér 13., Magyarország","icon":"restaurant","userComment":"Resto italien excellent ! Tres bon et tres sympa ","tags":[{"name":"À essayer","color":"#6edf38"},{"name":"Carpe diem","color":"#642fd1"},{"name":"Excellent","color":"#a844e5"},{"name":"Restaurant","color":"#ff5161"}]}},{"type":"Feature","geometry":{"type":"Point","coordinates":[19.039885,47.4996366]},"properties":{"name":"Ildikó konyhája","address":"1011 Budapest, District I, Fő utca 8., Hungary","icon":"restaurant","userComment":"Resto typique hongrois à la bonne franquette! Situe coté buda pas loin du km 0 ! A tester et ambiance  sympa et locale ! Tres typique ","tags":[{"name":"Authentique","color":"#855af1"},{"name":"À essayer","color":"#6edf38"},{"name":"Restaurant","color":"#ff5161"},{"name":"Specialites locales","color":"#2dadd2"}]}},{"type":"Feature","geometry":{"type":"Point","coordinates":[19.0614967,47.4982943]},"properties":{"name":"Cirkusz","address":"1074 Budapest, VII. kerület, Dob utca 25., Magyarország","icon":"restaurant","userComment":"Brunch tres sympa !! Mieux vaut reserver mais possible sans ! Situé dans le quartier juif ! Tres tres bon","tags":[{"name":"À essayer","color":"#6edf38"},{"name":"Authentique","color":"#855af1"},{"name":"Cadre sympa","color":"#ee34af"},{"name":"Brunch","color":"#f033cb"},{"name":"Carpe diem","color":"#642fd1"}]}},{"type":"Feature","geometry":{"type":"Point","coordinates":[19.0684877,47.4900563]},"properties":{"name":"Alma & Körte Restaurant","address":"1088 Budapest, VIII. kerület, Lőrinc pap tér 3., Magyarország","icon":"restaurant","userComment":"Resto tres bon avec specialites locales ! Musique d’ambiance ! Tres agreable place ","tags":[{"name":"À essayer","color":"#6edf38"},{"name":"Ambiance","color":"#fb4c42"},{"name":"Authentique","color":"#855af1"},{"name":"Cadre sympa","color":"#ee34af"},{"name":"Carpe diem","color":"#642fd1"},{"name":"Restaurant","color":"#ff5161"},{"name":"Specialites locales","color":"#2dadd2"}]}},{"type":"Feature","geometry":{"type":"Point","coordinates":[2.3082661628723145,48.8441162109375]},"properties":{"name":"Partage Café","address":"31 Rue Lecourbe, 75015 Paris, France","icon":"cafe","userComment":"Brunch ","tags":[{"name":"Sans reservation","color":"#f71a45"},{"name":"Brunch","color":"#f033cb"}]}},{"type":"Feature","geometry":{"type":"Point","coordinates":[2.3122056,48.84797929999999]},"properties":{"name":"MORI YOSHIDA","address":"65 Avenue de Breteuil, 75007 Paris, France","icon":"bakery","userComment":"Pâtisserie à tester ","tags":[{"name":"Sans reservation","color":"#f71a45"},{"name":"À essayer","color":"#6edf38"}]}},{"type":"Feature","geometry":{"type":"Point","coordinates":[2.2758101,48.8429308]},"properties":{"name":"Ischia","address":"14 Rue Cauchy, 75015 Paris, France","icon":"restaurant","userComment":"Italien Cyril lignac ","tags":[{"name":"Sans reservation","color":"#f71a45"},{"name":"À essayer","color":"#6edf38"}]}},{"type":"Feature","geometry":{"type":"Point","coordinates":[2.343755,48.86132980000001]},"properties":{"name":"Apycem","address":"58 Rue Saint-Honoré, 75001 Paris, France","icon":"restaurant","userComment":"Excellent tea time et cafe ! Patisseries maison rue st honore ","tags":[{"name":"À essayer","color":"#6edf38"},{"name":"Amis","color":"#408fff"},{"name":"Cadre sympa","color":"#ee34af"},{"name":"Cafe","color":"#cd3f75"},{"name":"Carpe diem","color":"#642fd1"},{"name":"Gouter","color":"#485ef2"},{"name":"Tea time","color":"#09cc54"}]}},{"type":"Feature","geometry":{"type":"Point","coordinates":[2.3485426902770996,48.85154724121094]},"properties":{"name":"Café Clotilde","address":"7 Rue de l'Hôtel Colbert, 75005 Paris, France","icon":"restaurant","tags":[{"name":"Sans reservation","color":"#f71a45"},{"name":"Cadre sympa","color":"#ee34af"},{"name":"Gateaux","color":"#d2ae46"},{"name":"Gouter","color":"#485ef2"},{"name":"Tea time","color":"#09cc54"}]}},{"type":"Feature","geometry":{"type":"Point","coordinates":[2.361438,48.8603949]},"properties":{"name":"Glou","address":"101 Rue Vieille du Temple, 75003 Paris, France","icon":"restaurant","userComment":"Resto. A Découvrir : carte de saison et sympa ","tags":[{"name":"Sans reservation","color":"#f71a45"},{"name":"À essayer","color":"#6edf38"},{"name":"Restaurant","color":"#ff5161"}]}},{"type":"Feature","geometry":{"type":"Point","coordinates":[2.3361959,48.8690001]},"properties":{"name":"SUGO pasta fresca","address":"16 Rue Saint-Augustin, 75002 Paris, France","icon":"restaurant","userComment":"Resto italien tres bon ! Pasta uniquement et faites maison ! Adresse à reserver ++ et à ne pas hesiter ! Des pastas qui attisent les papilles   \n\nPrix tres attractifs ","tags":[{"name":"Italien","color":"#f27b3c"},{"name":"Restaurant","color":"#ff5161"},{"name":"Authentique","color":"#855af1"}]}},{"type":"Feature","geometry":{"type":"Point","coordinates":[2.244706899999999,48.8358901]},"properties":{"name":"Patron (Pasta Oro Boulogne)","address":"100B Avenue Victor Hugo, 92100 Boulogne-Billancourt, France","icon":"restaurant","userComment":"Restaurant Italien tres bon ","tags":[{"name":"À essayer","color":"#6edf38"},{"name":"Authentique","color":"#855af1"},{"name":"Excellent","color":"#a844e5"},{"name":"Restaurant","color":"#ff5161"}]}},{"type":"Feature","geometry":{"type":"Point","coordinates":[2.2339953,48.8382994]},"properties":{"name":"Mano","address":"46 Rue de l'Ancienne Mairie, 92100 Boulogne-Billancourt, France","icon":"restaurant","tags":[{"name":"Sans reservation","color":"#f71a45"},{"name":"À essayer","color":"#6edf38"}]}},{"type":"Feature","geometry":{"type":"Point","coordinates":[3.2206753,51.2113997]},"properties":{"name":"De Bottelier","address":"Sint-Jakobsstraat 63, 8000 Bruges, Belgique","icon":"restaurant","userComment":"Resto excellent avec un decor tres chouette ! Repas tres bon ! ","tags":[{"name":"À essayer","color":"#6edf38"},{"name":"Amis","color":"#408fff"},{"name":"Cadre sympa","color":"#ee34af"},{"name":"Excellent","color":"#a844e5"},{"name":"Restaurant","color":"#ff5161"}]}},{"type":"Feature","geometry":{"type":"Point","coordinates":[3.2253483,51.2022851]},"properties":{"name":"Carpe Diem","address":"Wijngaardstraat 8, 8000 Bruges, Belgique","icon":"restaurant","userComment":"Excellente boulangerie et tea room","tags":[{"name":"À essayer","color":"#6edf38"},{"name":"Authentique","color":"#855af1"},{"name":"Carpe diem","color":"#642fd1"},{"name":"Boulangerie","color":"#dc2efd"}]}},{"type":"Feature","geometry":{"type":"Point","coordinates":[4.3647642,50.83562829999999]},"properties":{"name":"Le Clan des Belges","address":"Rue de la Paix 20, 1050 Elsene, België","icon":"restaurant","userComment":"Resto typique belge avec place adorable ! Ne pas prendre les moules ","tags":[{"name":"À essayer","color":"#6edf38"},{"name":"Authentique","color":"#855af1"},{"name":"Cadre sympa","color":"#ee34af"},{"name":"Carpe diem","color":"#642fd1"},{"name":"Restaurant","color":"#ff5161"}]}},{"type":"Feature","geometry":{"type":"Point","coordinates":[4.36042,50.82394]},"properties":{"name":"café club","address":"Rue de l'Aqueduc, 1050 Ixelles, Belgique","icon":"generic","userComment":"Bar tres JCD avec excellents cocktails’!\nSe transforme en club ","tags":[{"name":"À essayer","color":"#6edf38"},{"name":"Ambiance","color":"#fb4c42"},{"name":"Amis","color":"#408fff"},{"name":"Authentique","color":"#855af1"}]}},{"type":"Feature","geometry":{"type":"Point","coordinates":[2.3666499,48.8561657]},"properties":{"name":"Serpent A Plume","address":"24 Place des Vosges, 75003 Paris, France","icon":"nightclub","userComment":"Bar au -1 de jazz tres atypique et festif  ","tags":[{"name":"Bar","color":"#2ad93c"}]}},{"type":"Feature","geometry":{"type":"Point","coordinates":[2.3628122,48.8557001]},"properties":{"name":"La Mangerie","address":"7 Rue de Jarente, 75004 Paris, France","icon":"restaurant","userComment":"Ambiance très sympa ! Grande tablée pour manger de délicieux tapas ! Decor tres mimi \nSympa et shot offert à l’arrivee  ","tags":[{"name":"À essayer","color":"#6edf38"},{"name":"Authentique","color":"#855af1"},{"name":"Cadre sympa","color":"#ee34af"},{"name":"Carpe diem","color":"#642fd1"},{"name":"Cocktails","color":"#d1b524"},{"name":"Tapas","color":"#cc4638"}]}},{"type":"Feature","geometry":{"type":"Point","coordinates":[2.3383897,48.8769273]},"properties":{"name":"Bleu Bao","address":"8 rue Saint-Lazare ,  Paris 75009","icon":"restaurant","userComment":"Bao de la famille du Grobao ! Tres sympa et l avantage est qu’il est reservable","tags":[{"name":"À essayer","color":"#6edf38"},{"name":"Ambiance","color":"#fb4c42"},{"name":"Authentique","color":"#855af1"},{"name":"Bao","color":"#f0632f"}]}},{"type":"Feature","geometry":{"type":"Point","coordinates":[2.239659,48.833856]},"properties":{"name":"Galopins","address":"17 Rue Paul Bert, 92100 Boulogne-Billancourt, France","icon":"restaurant","userComment":"Tres bon resto de viandes ! Tres copieux ","tags":[{"name":"À essayer","color":"#6edf38"},{"name":"Authentique","color":"#855af1"},{"name":"Carpe diem","color":"#642fd1"},{"name":"Excellent","color":"#a844e5"},{"name":"Restaurant","color":"#ff5161"},{"name":"Viandes","color":"#cf1c02"}]}},{"type":"Feature","geometry":{"type":"Point","coordinates":[55.242249313793366,-21.099922810700814]},"properties":{"name":"uni vert","address":"97460 Saint-Gilles les Bains, La Réunion","icon":"generic","userComment":"Beach bar tres tres bien ","tags":[{"name":"À essayer","color":"#6edf38"},{"name":"Ambiance","color":"#fb4c42"},{"name":"Amis","color":"#408fff"},{"name":"Authentique","color":"#855af1"},{"name":"Bar","color":"#2ad93c"},{"name":"Beach club","color":"#92d247"},{"name":"Cadre sympa","color":"#ee34af"},{"name":"Carpe diem","color":"#642fd1"},{"name":"Cocktails","color":"#d1b524"},{"name":"Fancy","color":"#0723cc"},{"name":"Vue mer","color":"#d2b251"}]}},{"type":"Feature","geometry":{"type":"Point","coordinates":[55.22569,-21.05144]},"properties":{"name":"DCP","address":"Saint-Gilles-les-Bains, Saint-Paul, Réunion, Réunion","icon":"generic","userComment":"Tres bon resto local de poissions ","tags":[{"name":"À essayer","color":"#6edf38"},{"name":"Authentique","color":"#855af1"},{"name":"Restaurant","color":"#ff5161"},{"name":"Poisson","color":"#f61c82"},{"name":"Vue mer","color":"#d2b251"}]}},{"type":"Feature","geometry":{"type":"Point","coordinates":[55.22605,-21.05416]},"properties":{"name":"casa Bella","address":"Port Saint-Gilles, 97434 Saint-Paul, Réunion","icon":"generic","userComment":"Bar a tapas ideal pour sunset ","tags":[{"name":"Ambiance","color":"#fb4c42"},{"name":"À essayer","color":"#6edf38"},{"name":"Amis","color":"#408fff"},{"name":"Authentique","color":"#855af1"},{"name":"Bar","color":"#2ad93c"},{"name":"Tapas","color":"#cc4638"}]}},{"type":"Feature","geometry":{"type":"Point","coordinates":[55.2259963,-21.0541478]},"properties":{"name":"Chez Marie","address":"Port de Plaisance, 97434 Saint-Paul, Réunion","icon":"restaurant","userComment":"Resto de poisson au bord du port avec les produits de la peche. Tres bon et repas simple","tags":[{"name":"À essayer","color":"#6edf38"},{"name":"Ambiance","color":"#fb4c42"},{"name":"Amis","color":"#408fff"},{"name":"Authentique","color":"#855af1"},{"name":"Poisson","color":"#f61c82"},{"name":"Restaurant","color":"#ff5161"}]}},{"type":"Feature","geometry":{"type":"Point","coordinates":[55.7981815,-21.2916115]},"properties":{"name":"La Case Volcan","address":"123 Route Nationale 2 Le Tremblet, 97442 Saint-Philippe, La Réunion","icon":"restaurant","userComment":"EXCELLENT ! Idée géniale et originale ! Tres tres bob et local ! Ideal pour la route des laves ","tags":[{"name":"Authentique","color":"#855af1"},{"name":"Ambiance","color":"#fb4c42"},{"name":"À essayer","color":"#6edf38"},{"name":"Restaurant","color":"#ff5161"}]}},{"type":"Feature","geometry":{"type":"Point","coordinates":[55.4348258972168,-21.103391647338867]},"properties":{"name":"SNACK Le Marla","address":"GR1 - GR2 - GR3, 97460 Saint-Paul, La Réunion","icon":"restaurant","userComment":"THE PLACE TO BE pour dormir pour des journees de rando","tags":[{"name":"Authentique","color":"#855af1"},{"name":"Amis","color":"#408fff"},{"name":"Ambiance","color":"#fb4c42"},{"name":"À essayer","color":"#6edf38"},{"name":"Cadre sympa","color":"#ee34af"},{"name":"Carpe diem","color":"#642fd1"},{"name":"Cocktails","color":"#d1b524"},{"name":"Restaurant","color":"#ff5161"}]}},{"type":"Feature","geometry":{"type":"Point","coordinates":[55.24010999999999,-21.097992]},"properties":{"name":"LE BADAMIER","address":"52 Route du Trou d'Eau, 97460 Saint-Gilles les Bains, La Réunion","icon":"lodging","userComment":"Resto bord de plage italien tres sumpa ","tags":[{"name":"À essayer","color":"#6edf38"},{"name":"Amis","color":"#408fff"},{"name":"Cadre sympa","color":"#ee34af"},{"name":"Carpe diem","color":"#642fd1"},{"name":"Fancy","color":"#0723cc"},{"name":"Excellent","color":"#a844e5"},{"name":"Restaurant","color":"#ff5161"}]}},{"type":"Feature","geometry":{"type":"Point","coordinates":[55.6120181,-20.9106675]},"properties":{"name":"La Rivièra du Bocage (Le Bocage)","address":"Chemin Bocage, 97441 Sainte-Suzanne, Réunion","icon":"restaurant","userComment":"Resto tres fancy et tres local","tags":[{"name":"À essayer","color":"#6edf38"},{"name":"Ambiance","color":"#fb4c42"},{"name":"Authentique","color":"#855af1"},{"name":"Amis","color":"#408fff"},{"name":"Cadre sympa","color":"#ee34af"},{"name":"Carpe diem","color":"#642fd1"},{"name":"Fancy","color":"#0723cc"},{"name":"Excellent","color":"#a844e5"},{"name":"Restaurant","color":"#ff5161"},{"name":"Specialites locales","color":"#2dadd2"}]}},{"type":"Feature","geometry":{"type":"Point","coordinates":[55.22135,-21.07359]},"properties":{"name":"Au Badamier","address":"19 Mail de Rodrigues, 97460 Saint-Gilles les Bains, La Réunion","icon":"restaurant","userComment":"Tres bon resto sur terrasse ! ","tags":[{"name":"Amis","color":"#408fff"},{"name":"Authentique","color":"#855af1"},{"name":"Ambiance","color":"#fb4c42"},{"name":"À essayer","color":"#6edf38"},{"name":"Cadre sympa","color":"#ee34af"},{"name":"Carpe diem","color":"#642fd1"}]}},{"type":"Feature","geometry":{"type":"Point","coordinates":[2.350251,48.858826]},"properties":{"name":"Hoct&Loca","address":"99 Rue de la Verrerie, 75004 Paris, France","icon":"restaurant","userComment":"Excellent brunch : bar à chocolat avec une dégustation de 6 chocolats pour en savourer 2 en glace ou en chocolat chaud !\nTres copieux \nReservable  !! ","tags":[{"name":"À essayer","color":"#6edf38"},{"name":"Carpe diem","color":"#642fd1"},{"name":"Brunch","color":"#f033cb"}]}},{"type":"Feature","geometry":{"type":"Point","coordinates":[2.3519105,48.84515769999999]},"properties":{"name":"Hugo & Co","address":"48 Rue Monge, 75005 Paris, France","icon":"restaurant","userComment":"Très très bon gastro : cuisine française\nDélicieux\nÀ tester sans hésiter ","tags":[{"name":"À essayer","color":"#6edf38"},{"name":"Ambiance","color":"#fb4c42"},{"name":"Amis","color":"#408fff"},{"name":"Authentique","color":"#855af1"},{"name":"Bistronomique","color":"#9b0ee4"},{"name":"Carpe diem","color":"#642fd1"},{"name":"Excellent","color":"#a844e5"},{"name":"Fancy","color":"#0723cc"},{"name":"French cook","color":"#2183f6"},{"name":"French cook","color":"#d63f11"}]}},{"type":"Feature","geometry":{"type":"Point","coordinates":[2.3483678,48.8718192]},"properties":{"name":"ARBELA 10 - Bar à vins & tapas","address":"49 Rue de l'Échiquier, 75010 Paris, France","icon":"nightclub","userComment":"Bar à vin et tapas du chef juan ","tags":[{"name":"À essayer","color":"#6edf38"},{"name":"Ambiance","color":"#fb4c42"},{"name":"Amis","color":"#408fff"},{"name":"Authentique","color":"#855af1"},{"name":"Bar à vin","color":"#ea30d5"},{"name":"Cadre sympa","color":"#ee34af"},{"name":"Wine","color":"#5412d1"},{"name":"Tapas","color":"#cc4638"},{"name":"Restaurant","color":"#ff5161"}]}},{"type":"Feature","geometry":{"type":"Point","coordinates":[2.4348222,48.8466275]},"properties":{"name":"Mademoiselle Amande","address":"14 Rue Saulpic, 94300 Vincennes, France","icon":"supermarket","userComment":"Brunch à tester : reservable via tel","tags":[{"name":"Sans reservation","color":"#f71a45"},{"name":"Brunch","color":"#f033cb"},{"name":"Cadre sympa","color":"#ee34af"},{"name":"Cafe","color":"#cd3f75"}]}},{"type":"Feature","geometry":{"type":"Point","coordinates":[2.3607602,48.86306279999999]},"properties":{"name":"Gramme","address":"86 Rue des Archives, 75003 Paris, France","icon":"restaurant","userComment":"Brunch très sympa ","tags":[{"name":"Sans reservation","color":"#f71a45"},{"name":"Brunch","color":"#f033cb"}]}},{"type":"Feature","geometry":{"type":"Point","coordinates":[2.311846199999999,48.84460069999999]},"properties":{"name":"Starving Club","address":"11 Bd Pasteur, 75015 Paris, France","icon":"restaurant","userComment":"Endroit très sympa et cocktails délicieux ! Petite carte adorable! Idéal pour boire un verre intimiste ou aw !  Belle découverte ","tags":[{"name":"À essayer","color":"#6edf38"},{"name":"Ambiance","color":"#fb4c42"},{"name":"Amis","color":"#408fff"},{"name":"Authentique","color":"#855af1"},{"name":"Bar","color":"#2ad93c"},{"name":"Cadre sympa","color":"#ee34af"},{"name":"Cocktails","color":"#d1b524"},{"name":"Excellent","color":"#a844e5"},{"name":"Fancy","color":"#0723cc"},{"name":"Wine","color":"#5412d1"}]}},{"type":"Feature","geometry":{"type":"Point","coordinates":[2.3303618,48.8471949]},"properties":{"name":"Judy","address":"18 Rue de Fleurus, 75006 Paris, France","icon":"restaurant","userComment":"Brunch près de Luxembourg ","tags":[{"name":"Sans reservation","color":"#f71a45"},{"name":"Brunch","color":"#f033cb"}]}},{"type":"Feature","geometry":{"type":"Point","coordinates":[2.33993,48.86626]},"properties":{"name":"lucien Legrand","address":"1 Rue de la Banque, 75002 Paris, France","icon":"generic","userComment":"Super bar à vin dans la galerie Vivienne ","tags":[{"name":"Sans reservation","color":"#f71a45"},{"name":"Bar à vin","color":"#ea30d5"}]}},{"type":"Feature","geometry":{"type":"Point","coordinates":[2.348240699999999,48.8680095]},"properties":{"name":"De Saison","address":"5 Rue de Damiette, 75002 Paris, France","icon":"nightclub","userComment":"Bar à vin à sentier ","tags":[{"name":"Authentique","color":"#855af1"},{"name":"Bar","color":"#2ad93c"},{"name":"Carpe diem","color":"#642fd1"},{"name":"Bar à vin","color":"#ea30d5"}]}},{"type":"Feature","geometry":{"type":"Point","coordinates":[2.34483,48.86868]},"properties":{"name":"L'Ivress","address":"7 Rue du Croissant, 75002 Paris, France","icon":"nightclub","userComment":"Bar à vin à sentier ! Pas mal","tags":[{"name":"Bar à vin","color":"#ea30d5"},{"name":"Authentique","color":"#855af1"}]}},{"type":"Feature","geometry":{"type":"Point","coordinates":[2.3331746,48.87713340000001]},"properties":{"name":"Noûsh","address":"60 Rue Saint-Lazare, 75009 Paris, France","icon":"restaurant","userComment":"EXCELLENT resto ! Adorable le service et plats delicieux ! Tapas miam.  Super decouverte à cote de st lazarre","tags":[{"name":"À essayer","color":"#6edf38"},{"name":"Authentique","color":"#855af1"},{"name":"Cadre sympa","color":"#ee34af"},{"name":"Carpe diem","color":"#642fd1"},{"name":"Cocktails","color":"#d1b524"},{"name":"Restaurant","color":"#ff5161"},{"name":"Excellent","color":"#a844e5"}]}},{"type":"Feature","geometry":{"type":"Point","coordinates":[2.3004473,48.8783941]},"properties":{"name":"Totti","address":"77 Boulevard de Courcelles, 75008 Paris, France","icon":"restaurant","userComment":"Bon italien : tres copieux mais un peu cher","tags":[{"name":"À essayer","color":"#6edf38"},{"name":"Restaurant","color":"#ff5161"},{"name":"Italien","color":"#f27b3c"}]}},{"type":"Feature","geometry":{"type":"Point","coordinates":[0.6919605000000001,47.3960332]},"properties":{"name":"L'Etable","address":"121 Rue Colbert, 37000 Tours, France","icon":"restaurant","userComment":"Très bon resto type cuisine française ","tags":[{"name":"Amis","color":"#408fff"},{"name":"Authentique","color":"#855af1"},{"name":"À essayer","color":"#6edf38"},{"name":"Bistrot","color":"#5061ff"},{"name":"Cadre sympa","color":"#ee34af"},{"name":"Carpe diem","color":"#642fd1"}]}},{"type":"Feature","geometry":{"type":"Point","coordinates":[0.6827426000000001,47.3934406]},"properties":{"name":"Chez Tonton","address":"8 Place de Châteauneuf, 37000 Tours, France","icon":"restaurant","userComment":"Bistrot francais tres bon","tags":[{"name":"À essayer","color":"#6edf38"},{"name":"Amis","color":"#408fff"},{"name":"Bistrot","color":"#5061ff"}]}},{"type":"Feature","geometry":{"type":"Point","coordinates":[2.3791606,48.8665295]},"properties":{"name":"L'Impasse","address":"4 Cité Griset, 75011 Paris, France","icon":"nightclub","userComment":"Bar top si groupe à réserver ! Se transforme en soiree apres 00h ","tags":[{"name":"Amis","color":"#408fff"},{"name":"Authentique","color":"#855af1"},{"name":"Bar","color":"#2ad93c"},{"name":"À essayer","color":"#6edf38"},{"name":"Ambiance","color":"#fb4c42"}]}},{"type":"Feature","geometry":{"type":"Point","coordinates":[2.3667745,48.8723666]},"properties":{"name":"BBP Canal","address":"47 Rue Bichat, 75010 Paris, France","icon":"restaurant","userComment":"Brasserie belge avec plein de bieres differentes ! A cote du canal\n","tags":[{"name":"Bar","color":"#2ad93c"},{"name":"À essayer","color":"#6edf38"},{"name":"Amis","color":"#408fff"},{"name":"Brasserie","color":"#0c65fd"}]}},{"type":"Feature","geometry":{"type":"Point","coordinates":[1.4346981,43.61072]},"properties":{"name":"Barricot","address":"8 Esplanade Compans Caffarelli, 31000 Toulouse, France","icon":"restaurant","userComment":"Brunch à volonté dans l’hotel mercure : 35 euros en illimite ! Excellent et un regal ! Reserver++","tags":[{"name":"À essayer","color":"#6edf38"},{"name":"Cadre sympa","color":"#ee34af"},{"name":"Brunch","color":"#f033cb"}]}},{"type":"Feature","geometry":{"type":"Point","coordinates":[1.4463938,43.6039563]},"properties":{"name":"Ma Biche Sur Le Toit","address":"4-8 Rue du Lieutenant-Colonel Pélissier, 31000 Toulouse, France","icon":"restaurant","userComment":"Rooftop’super veua ","tags":[{"name":"Ambiance","color":"#fb4c42"},{"name":"Amis","color":"#408fff"},{"name":"Authentique","color":"#855af1"},{"name":"À essayer","color":"#6edf38"},{"name":"Bar","color":"#2ad93c"},{"name":"Cadre sympa","color":"#ee34af"},{"name":"Carpe diem","color":"#642fd1"},{"name":"Cocktails","color":"#d1b524"},{"name":"Restaurant","color":"#ff5161"},{"name":"Rooftop","color":"#40b4fb"}]}},{"type":"Feature","geometry":{"type":"Point","coordinates":[1.4445616006851196,43.600101470947266]},"properties":{"name":"Sauvage Social Pub","address":"11 Place Étienne Esquirol, 31000 Toulouse, France","icon":"nightclub","userComment":"Bar tres fancy et top ! On adore ! Bar festif au coeur de la ville rose ","tags":[{"name":"À essayer","color":"#6edf38"},{"name":"Ambiance","color":"#fb4c42"},{"name":"Amis","color":"#408fff"},{"name":"Authentique","color":"#855af1"},{"name":"Bar","color":"#2ad93c"},{"name":"Cadre sympa","color":"#ee34af"},{"name":"Carpe diem","color":"#642fd1"},{"name":"Cocktails","color":"#d1b524"},{"name":"Fancy","color":"#0723cc"}]}},{"type":"Feature","geometry":{"type":"Point","coordinates":[1.4418214559555054,43.598731994628906]},"properties":{"name":"Baba Canteen","address":"26 Rue des Couteliers, 31000 Toulouse, France","icon":"restaurant","userComment":"Tres bon coffee shop","tags":[{"name":"Cadre sympa","color":"#ee34af"},{"name":"Cafe","color":"#cd3f75"}]}},{"type":"Feature","geometry":{"type":"Point","coordinates":[2.347307900000001,48.86791909999999]},"properties":{"name":"Tigermilk","address":"77 Rue d'Aboukir, 75002 Paris, France","icon":"restaurant","userComment":"Resto méxicain à sentier ! Pas mal","tags":[{"name":"À essayer","color":"#6edf38"},{"name":"Ambiance","color":"#fb4c42"},{"name":"Cadre sympa","color":"#ee34af"},{"name":"Restaurant","color":"#ff5161"},{"name":"Mexicain","color":"#e03ced"}]}},{"type":"Feature","geometry":{"type":"Point","coordinates":[2.3458021,48.86574390000001]},"properties":{"name":"Alma","address":"10 rue mandar, Paris 75002","icon":"restaurant","userComment":"Resto de tapas corse ! Délicieux  !  ","tags":[{"name":"Ambiance","color":"#fb4c42"},{"name":"À essayer","color":"#6edf38"},{"name":"Amis","color":"#408fff"},{"name":"Authentique","color":"#855af1"},{"name":"Cadre sympa","color":"#ee34af"},{"name":"Tapas","color":"#cc4638"}]}},{"type":"Feature","geometry":{"type":"Point","coordinates":[2.3274095,48.835982]},"properties":{"name":"Chez Papa","address":"6 Rue Gassendi, 75014 Paris, France","icon":"restaurant","userComment":"Resto avec specialités du sud ouest à Gaité! Tres fat et copieux! Plats réconfortants","tags":[{"name":"À essayer","color":"#6edf38"},{"name":"Ambiance","color":"#fb4c42"},{"name":"Authentique","color":"#855af1"},{"name":"Restaurant","color":"#ff5161"},{"name":"Basque","color":"#3219e0"}]}},{"type":"Feature","geometry":{"type":"Point","coordinates":[-3.70796,40.42566]},"properties":{"name":"Brunchit - Malasaña Madrid","address":"Calle de Noviciado, 12, 28015 Madrid (Madrid), España","icon":"restaurant","userComment":"Excellent brunch, très copieux : pas de resa possible ","tags":[{"name":"Amis","color":"#408fff"},{"name":"À essayer","color":"#6edf38"},{"name":"Brunch","color":"#f033cb"},{"name":"Cadre sympa","color":"#ee34af"},{"name":"Carpe diem","color":"#642fd1"}]}},{"type":"Feature","geometry":{"type":"Point","coordinates":[-3.6980344,40.42454060000001]},"properties":{"name":"Areia Colonial Chill Out","address":"Calle de Hortaleza, 92, 28004 Madrid, Espagne","icon":"nightclub","userComment":"Bar à cocktails et dansant !! DJ le we ! Décor très sympa ","tags":[{"name":"Bar","color":"#2ad93c"},{"name":"Festif","color":"#41d55b"},{"name":"Fancy","color":"#0723cc"}]}},{"type":"Feature","geometry":{"type":"Point","coordinates":[-3.6981895,40.4212055]},"properties":{"name":"Lost grill","address":"Calle de Barbieri, 11, 28004 Madrid (Madrid), España","icon":"generic","userComment":"Resto de viande à la découpe à la chueca! Resto au theme jungle ! Excellents cocktails et viandes un delice ","tags":[{"name":"Ambiance","color":"#fb4c42"},{"name":"À essayer","color":"#6edf38"},{"name":"Amis","color":"#408fff"},{"name":"Cadre sympa","color":"#ee34af"},{"name":"Carpe diem","color":"#642fd1"},{"name":"Cocktails","color":"#d1b524"},{"name":"Fancy","color":"#0723cc"},{"name":"Restaurant","color":"#ff5161"}]}},{"type":"Feature","geometry":{"type":"Point","coordinates":[-3.701085,40.423266]},"properties":{"name":"Lateral Fuencarral","address":"Calle Fuencarral, 43, 28004 Madrid, Madrid, Espagne","icon":"restaurant","userComment":"Resto à tapas ","tags":[{"name":"À essayer","color":"#6edf38"},{"name":"Ambiance","color":"#fb4c42"},{"name":"Carpe diem","color":"#642fd1"},{"name":"Specialites locales","color":"#2dadd2"}]}},{"type":"Feature","geometry":{"type":"Point","coordinates":[-3.699727,40.422895]},"properties":{"name":"Mercado San Antón","address":"Calle de Augusto Figueroa, 24, 28004 Madrid, Espagne","icon":"parking","userComment":"Marché avec plein de petits restos tres sympas !","tags":[{"name":"Ambiance","color":"#fb4c42"},{"name":"À essayer","color":"#6edf38"},{"name":"Amis","color":"#408fff"},{"name":"Authentique","color":"#855af1"},{"name":"Food truck","color":"#f30eb3"}]}},{"type":"Feature","geometry":{"type":"Point","coordinates":[-3.6982236,40.4196249]},"properties":{"name":"Lettera Trattoria Moderna","address":"Calle de la Reina, 20, 28004 Madrid (Madrid), España","icon":"restaurant","userComment":"Resto italien tres bon ! ","tags":[{"name":"À essayer","color":"#6edf38"},{"name":"Restaurant","color":"#ff5161"},{"name":"Italien","color":"#f27b3c"}]}},{"type":"Feature","geometry":{"type":"Point","coordinates":[-3.705157518386841,40.42390441894531]},"properties":{"name":"Medium Club","address":"Calle del Pez, 18, 28004 Madrid, Espagne","icon":"restaurant","userComment":"Bar à cocktail à thème medium ! Supers cocktails originaux ! Tres fancy on adore ! Medium presente ","tags":[{"name":"À essayer","color":"#6edf38"},{"name":"Ambiance","color":"#fb4c42"},{"name":"Amis","color":"#408fff"},{"name":"Authentique","color":"#855af1"},{"name":"Cadre sympa","color":"#ee34af"},{"name":"Carpe diem","color":"#642fd1"},{"name":"Cocktails","color":"#d1b524"},{"name":"Fancy","color":"#0723cc"},{"name":"Excellent","color":"#a844e5"},{"name":"Original","color":"#33d5bf"}]}},{"type":"Feature","geometry":{"type":"Point","coordinates":[-3.697441000000001,40.423018]},"properties":{"name":"Ángel Sierra (Taberna Angel Sierra)","address":"Calle de Gravina, 11, 28004 Madrid (Madrid), España","icon":"wine","userComment":"Pub à folle ambiance tres authentique !! ","tags":[{"name":"Authentique","color":"#855af1"},{"name":"Bar","color":"#2ad93c"}]}},{"type":"Feature","geometry":{"type":"Point","coordinates":[-3.7006755,40.41393739999999]},"properties":{"name":"Vi Cool","address":"Calle de las Huertas, 12, 28012 Madrid, Espagne","icon":"restaurant","userComment":"Excellent ! Menu à 15 euros tres copieux et tres bon! Je reco +++ ","tags":[{"name":"À essayer","color":"#6edf38"},{"name":"Ambiance","color":"#fb4c42"},{"name":"Amis","color":"#408fff"},{"name":"Authentique","color":"#855af1"},{"name":"Specialites locales","color":"#2dadd2"},{"name":"Restaurant","color":"#ff5161"}]}},{"type":"Feature","geometry":{"type":"Point","coordinates":[-3.708838,40.412598]},"properties":{"name":"Cava Baja 17","address":"Calle de la Cava Baja, 17, 28005 Madrid (Madrid), España","icon":"restaurant","userComment":"Bar à tapas dans le quartier latinas ! Tres bon ! Je recommande ","tags":[{"name":"Cadre sympa","color":"#ee34af"},{"name":"Carpe diem","color":"#642fd1"},{"name":"Authentique","color":"#855af1"},{"name":"Amis","color":"#408fff"},{"name":"À essayer","color":"#6edf38"},{"name":"Specialites locales","color":"#2dadd2"},{"name":"Tapas","color":"#cc4638"}]}},{"type":"Feature","geometry":{"type":"Point","coordinates":[-3.6971766,40.4258305]},"properties":{"name":"Makkila","address":"Calle de Fernando VI, 2, 28004 Madrid, Espagne","icon":"restaurant","userComment":"Local et fancy ! Nourriture tres bon ! On valide ++ Pas loin de la chueca ","tags":[{"name":"À essayer","color":"#6edf38"},{"name":"Ambiance","color":"#fb4c42"},{"name":"Amis","color":"#408fff"},{"name":"Authentique","color":"#855af1"},{"name":"Restaurant","color":"#ff5161"},{"name":"Specialites locales","color":"#2dadd2"}]}},{"type":"Feature","geometry":{"type":"Point","coordinates":[-3.6984899044036865,40.42036056518555]},"properties":{"name":"Specia Atellier Bar","address":"Calle Prado del Rey, 28223 Pozuelo de Alarcón (Madrid), España","icon":"wine","userComment":"Bar à cocktail dans le quartier de la chueca ! On adore ambiance incroyable et super musique ! Excellents cocktails","tags":[{"name":"Bar","color":"#2ad93c"},{"name":"Authentique","color":"#855af1"},{"name":"Amis","color":"#408fff"},{"name":"Ambiance","color":"#fb4c42"},{"name":"À essayer","color":"#6edf38"}]}},{"type":"Feature","geometry":{"type":"Point","coordinates":[-3.704149299999999,40.42235790000001]},"properties":{"name":"Circo de las Tapas","address":"Calle Corredera Baja de San Pablo, 21, 28004 Madrid, Espagne","icon":"restaurant","userComment":"Bar à tapas avec decos tres atypiques et sympas ","tags":[{"name":"À essayer","color":"#6edf38"},{"name":"Tapas","color":"#cc4638"},{"name":"Specialites locales","color":"#2dadd2"},{"name":"Restaurant","color":"#ff5161"},{"name":"Carpe diem","color":"#642fd1"},{"name":"Authentique","color":"#855af1"},{"name":"Amis","color":"#408fff"},{"name":"Ambiance","color":"#fb4c42"}]}},{"type":"Feature","geometry":{"type":"Point","coordinates":[-3.7087479,40.4242402]},"properties":{"name":"Misión Café","address":"Calle de los Reyes, 5, 28015 Madrid, Espagne","icon":"cafe","userComment":"Cafe ! Tres bon et super sympa ","tags":[{"name":"Cafe","color":"#cd3f75"},{"name":"Cadre sympa","color":"#ee34af"}]}},{"type":"Feature","geometry":{"type":"Point","coordinates":[-3.703956,40.4255326]},"properties":{"name":"Ojalá","address":"Calle de San Andrés, 1, 28004 Madrid, Espagne","icon":"nightclub","userComment":"Tres bon et fancy ! Brunch possible et delicieux ","tags":[{"name":"À essayer","color":"#6edf38"},{"name":"Ambiance","color":"#fb4c42"},{"name":"Amis","color":"#408fff"},{"name":"Authentique","color":"#855af1"},{"name":"Brunch","color":"#f033cb"},{"name":"Carpe diem","color":"#642fd1"},{"name":"Fancy","color":"#0723cc"},{"name":"Pas cher","color":"#0add54"},{"name":"Mexicain","color":"#e03ced"},{"name":"Restaurant","color":"#ff5161"}]}},{"type":"Feature","geometry":{"type":"Point","coordinates":[2.338689199999999,48.8533513]},"properties":{"name":"Bazurto","address":"5 Rue de l'Ancienne Comédie, 75006 Paris, France","icon":"restaurant","userComment":"Restaurant colombien de juan arbelaez.  2 types de menu à 59 euros ou 79 euros \nEmpanadas très bonnes \n\nPlat au choix cuit à la braise : poulpe ++\nDessert tiramisu au rhum colombien : délice et original car sucré et salé \n\nPetit tips se transforme en bar festif avec DJ des 23h ","tags":[{"name":"À essayer","color":"#6edf38"},{"name":"Ambiance","color":"#fb4c42"},{"name":"Amis","color":"#408fff"},{"name":"Authentique","color":"#855af1"},{"name":"Colombien","color":"#d53d45"},{"name":"Carpe diem","color":"#642fd1"},{"name":"Cadre sympa","color":"#ee34af"},{"name":"Cocktails","color":"#d1b524"},{"name":"Restaurant","color":"#ff5161"},{"name":"Wine","color":"#5412d1"},{"name":"Festif","color":"#41d55b"}]}},{"type":"Feature","geometry":{"type":"Point","coordinates":[2.346179999999999,48.872137]},"properties":{"name":"Mamacita","address":"14 Rue Rougemont, 75009 Paris, France","icon":"restaurant","userComment":"Resto mexicain près de Grands Boulevards ! Très bonne nourriture ! Resto à ambiance en fin de semaine ! Loca loca ","tags":[{"name":"À essayer","color":"#6edf38"},{"name":"Ambiance","color":"#fb4c42"},{"name":"Amis","color":"#408fff"},{"name":"Authentique","color":"#855af1"},{"name":"Mexicain","color":"#e03ced"},{"name":"Carpe diem","color":"#642fd1"},{"name":"Fancy","color":"#0723cc"},{"name":"Restaurant","color":"#ff5161"}]}},{"type":"Feature","geometry":{"type":"Point","coordinates":[4.831988499999999,45.7653663]},"properties":{"name":"Les Bons Vivants","address":"5 Rue Longue, 69001 Lyon, France","icon":"restaurant","userComment":"Resto typique du bon vivant ! Resto de viandes++ tres bon! Cuisine classique tres bonne \n","tags":[{"name":"Amis","color":"#408fff"},{"name":"À essayer","color":"#6edf38"},{"name":"Ambiance","color":"#fb4c42"},{"name":"Carpe diem","color":"#642fd1"},{"name":"Excellent","color":"#a844e5"},{"name":"Viandes","color":"#cf1c02"},{"name":"Wine","color":"#5412d1"}]}},{"type":"Feature","geometry":{"type":"Point","coordinates":[4.816399574279785,45.74323654174805]},"properties":{"name":"Kiwa Cafe","address":"3 Quai Antoine Riboud, 69002 Lyon, France","icon":"restaurant","userComment":"Cafe coréen adorable et délicieux face à la saone  ! ","tags":[{"name":"À essayer","color":"#6edf38"},{"name":"Amis","color":"#408fff"},{"name":"Authentique","color":"#855af1"},{"name":"Cafe","color":"#cd3f75"},{"name":"Cadre sympa","color":"#ee34af"}]}},{"type":"Feature","geometry":{"type":"Point","coordinates":[4.8385352,45.74897489999999]},"properties":{"name":"Pignouf","address":"22 Rue Chevreul, 69007 Lyon, France","icon":"restaurant","userComment":"Buns sandwich tres sympas et bons ! Cela\nFait aussi bar","tags":[{"name":"À essayer","color":"#6edf38"},{"name":"Ambiance","color":"#fb4c42"},{"name":"Authentique","color":"#855af1"},{"name":"Cadre sympa","color":"#ee34af"},{"name":"Bar","color":"#2ad93c"}]}},{"type":"Feature","geometry":{"type":"Point","coordinates":[4.83901,45.74904]},"properties":{"name":"skepsi","address":"35 Rue Chevreul, 69007 Lyon, France","icon":"generic","userComment":"Tres bon grec : possibilité de prendre à emporter ","tags":[{"name":"À essayer","color":"#6edf38"},{"name":"Greek","color":"#538df9"},{"name":"Excellent","color":"#a844e5"}]}},{"type":"Feature","geometry":{"type":"Point","coordinates":[2.3248281,48.8847358]},"properties":{"name":"Mamine Batignolles","address":"19 Rue des Dames, 75017 Paris, France","icon":"restaurant","tags":[{"name":"Sans reservation","color":"#f71a45"},{"name":"À essayer","color":"#6edf38"}]}},{"type":"Feature","geometry":{"type":"Point","coordinates":[2.3477929,48.86856239999999]},"properties":{"name":"A l'Angle","address":"2 Rue Poissonnière, 75002 Paris, France","icon":"restaurant","userComment":"Bar idéal pour privatisation ( près de Grands Boulevards) pas de caution et sous sol entièrement privatif ","tags":[{"name":"Bar","color":"#2ad93c"},{"name":"Authentique","color":"#855af1"},{"name":"Carpe diem","color":"#642fd1"}]}},{"type":"Feature","geometry":{"type":"Point","coordinates":[2.350216,48.872198]},"properties":{"name":"Chez Minnà","address":"20 Rue d'Hauteville, 75010 Paris, France","icon":"restaurant","userComment":"Restaurant corse pres de bonne nouvelle ! Tres tres bon et ambiance super sympa! ","tags":[{"name":"Amis","color":"#408fff"},{"name":"Authentique","color":"#855af1"},{"name":"Bar","color":"#2ad93c"},{"name":"Corse","color":"#ea8c47"},{"name":"À essayer","color":"#6edf38"},{"name":"Ambiance","color":"#fb4c42"},{"name":"Carpe diem","color":"#642fd1"},{"name":"Excellent","color":"#a844e5"},{"name":"Restaurant","color":"#ff5161"}]}},{"type":"Feature","geometry":{"type":"Point","coordinates":[2.271474999999999,48.8506276]},"properties":{"name":"SABLES","address":"35 BIS Rue Jean de la Fontaine, 75016 Paris, France","icon":"restaurant","tags":[{"name":"Sans reservation","color":"#f71a45"},{"name":"À essayer","color":"#6edf38"},{"name":"Bistrot","color":"#5061ff"}]}},{"type":"Feature","geometry":{"type":"Point","coordinates":[2.3172846,48.8467113]},"properties":{"name":"Le Standard","address":"1 Boulevard du Montparnasse, 75006 Paris, France","icon":"restaurant","userComment":"Bar très sympa et très joli décor ! ","tags":[{"name":"Authentique","color":"#855af1"},{"name":"Bar","color":"#2ad93c"},{"name":"Carpe diem","color":"#642fd1"},{"name":"Cadre sympa","color":"#ee34af"},{"name":"Cocktails","color":"#d1b524"},{"name":"Fancy","color":"#0723cc"}]}},{"type":"Feature","geometry":{"type":"Point","coordinates":[2.341480100000001,48.87026209999999]},"properties":{"name":"Sunday In Soho","address":"7 Rue Saint-Marc, 75002 Paris, France","icon":"cafe","userComment":"Tres bon brunch excellent : formule à 29 e un plat sucre et un plat sale et une boisson chaude et une boisson froide! Reservable ! Recommande ++ ","tags":[{"name":"À essayer","color":"#6edf38"},{"name":"Cadre sympa","color":"#ee34af"},{"name":"Brunch","color":"#f033cb"},{"name":"Cafe","color":"#cd3f75"},{"name":"Carpe diem","color":"#642fd1"}]}},{"type":"Feature","geometry":{"type":"Point","coordinates":[2.2857259,48.8421987]},"properties":{"name":"Café Ella","address":"85 Rue de la Convention, 75015 Paris, France","icon":"restaurant","userComment":"Brunch à tester ","tags":[{"name":"Sans reservation","color":"#f71a45"},{"name":"À essayer","color":"#6edf38"},{"name":"Brunch","color":"#f033cb"}]}},{"type":"Feature","geometry":{"type":"Point","coordinates":[2.3004691,48.83866959999999]},"properties":{"name":"Je Thè... Me","address":"4 Rue d'Alleray, 75015 Paris, France","icon":"restaurant","userComment":"Resto tres bon avec une ambiance superbe et bistrot dans le 15 eme ! Dans une ancienne épicerie ! Plats type bistrot mais vraiment un delice ! Une ambiance tres conviviale avec un propriétaire  haut en couleur passionne !\n\nUn peu cher ","tags":[{"name":"Ambiance","color":"#fb4c42"},{"name":"Amis","color":"#408fff"},{"name":"Authentique","color":"#855af1"},{"name":"Bistrot","color":"#5061ff"},{"name":"Carpe diem","color":"#642fd1"},{"name":"Cadre sympa","color":"#ee34af"},{"name":"Restaurant","color":"#ff5161"},{"name":"Wine","color":"#5412d1"}]}},{"type":"Feature","geometry":{"type":"Point","coordinates":[2.2912355,48.83618139999999]},"properties":{"name":"Restaurant Biscotte","address":"22 Rue Desnouettes, 75015 Paris, France","icon":"restaurant","tags":[{"name":"Sans reservation","color":"#f71a45"},{"name":"À essayer","color":"#6edf38"}]}},{"type":"Feature","geometry":{"type":"Point","coordinates":[2.2989082,48.83937659999999]},"properties":{"name":"Les Pères Siffleurs","address":"15 Rue Gerbert, 75015 Paris, France","icon":"restaurant","userComment":"Bistronomique dans le 15 eme recommandé ++ à tester avec carte qui change selon les arrivages et bonnes cartes de vin ! Petit + digestif offert à la fin","tags":[{"name":"À essayer","color":"#6edf38"},{"name":"Authentique","color":"#855af1"},{"name":"Amis","color":"#408fff"},{"name":"Ambiance","color":"#fb4c42"},{"name":"Bistrot","color":"#5061ff"},{"name":"Bistronomique","color":"#9b0ee4"}]}},{"type":"Feature","geometry":{"type":"Point","coordinates":[2.35665,48.8748014]},"properties":{"name":"Jungle palace","address":"12 Rue de la Fidélité, 75010 Paris, France","icon":"restaurant","userComment":"Resto ephemera : si vous souhaitez voyager et prendre un bol d’air frais : direction la jungle !! Resto à theme jungle tres sympa et decor tres chouette ! Nourriture bonne mais sans plus ! Y aller pour le concept ! Réserver ++ ","tags":[{"name":"Ambiance","color":"#fb4c42"},{"name":"Amis","color":"#408fff"},{"name":"Cadre sympa","color":"#ee34af"},{"name":"Carpe diem","color":"#642fd1"},{"name":"Cocktails","color":"#d1b524"},{"name":"Fancy","color":"#0723cc"},{"name":"Restaurant","color":"#ff5161"},{"name":"Original","color":"#33d5bf"},{"name":"Resto à theme","color":"#e92348"}]}},{"type":"Feature","geometry":{"type":"Point","coordinates":[2.236274003982544,48.845245361328125]},"properties":{"name":"Arbela 92","address":"3 Rue d'Aguesseau, 92100 Boulogne-Billancourt, France","icon":"restaurant","userComment":"Bar à tapas Laury thileman ","tags":[{"name":"Sans reservation","color":"#f71a45"},{"name":"Bar à vin","color":"#ea30d5"},{"name":"À essayer","color":"#6edf38"}]}},{"type":"Feature","geometry":{"type":"Point","coordinates":[-0.548406,47.470159]},"properties":{"name":"Tonton Foch","address":"4 Boulevard du Maréchal Foch, 49100 Angers, France","icon":"cafe","userComment":"Brunch correct mais sans plus ","tags":[{"name":"Brunch","color":"#f033cb"},{"name":"Carpe diem","color":"#642fd1"}]}},{"type":"Feature","geometry":{"type":"Point","coordinates":[-0.5511627793312073,47.471168518066406]},"properties":{"name":"La Chouette","address":"7 Place du Ralliement, 49100 Angers, France","icon":"generic","userComment":"Cafe tres sympa avec un joli decor mais service qui laisse à desirer ","tags":[{"name":"Authentique","color":"#855af1"},{"name":"Bar","color":"#2ad93c"},{"name":"Cafe","color":"#cd3f75"}]}},{"type":"Feature","geometry":{"type":"Point","coordinates":[2.2819048,48.8488622]},"properties":{"name":"Podium Bistrot Disco","address":"2 Rue Linois, 75015 Paris, France","icon":"restaurant","userComment":"Bistrot tres sympa à cote de beaugrenelle ! Menu à 40 e ( entree plat dessert) tres copieux et delicieux !! Resto qui au 2 eme service devient un bar dansant au theme disco ! Si vous aimez abba et mylene farmer : ideal pour vous!! Theme disco++ ! Ferme à 2 h ! Resto de Glen Viel présent le lundi et mardi : amateurs de top chef allez y ","tags":[{"name":"À essayer","color":"#6edf38"},{"name":"Ambiance","color":"#fb4c42"},{"name":"Bistrot","color":"#5061ff"},{"name":"Fancy","color":"#0723cc"},{"name":"Excellent","color":"#a844e5"},{"name":"Carpe diem","color":"#642fd1"},{"name":"Restaurant","color":"#ff5161"}]}},{"type":"Feature","geometry":{"type":"Point","coordinates":[-0.5609693,47.47267009999999]},"properties":{"name":"Mamie Fada","address":"18 Quai des Carmes, 49100 Angers, France","icon":"restaurant","userComment":"Super resto, service au top !  cocktail ++ et super plats je reco ++ ","tags":[{"name":"Bar à vin","color":"#ea30d5"},{"name":"À essayer","color":"#6edf38"},{"name":"Amis","color":"#408fff"},{"name":"Authentique","color":"#855af1"},{"name":"Carpe diem","color":"#642fd1"}]}},{"type":"Feature","geometry":{"type":"Point","coordinates":[-0.5581754,47.4706352]},"properties":{"name":"Crêperie Du Château","address":"21 Rue Saint-Aignan, 49100 Angers, France","icon":"restaurant","userComment":"Tres bonne creperie à cote du chateau ","tags":[{"name":"Crepes","color":"#f45fee"},{"name":"Excellent","color":"#a844e5"}]}},{"type":"Feature","geometry":{"type":"Point","coordinates":[-0.5491386999999999,47.4732067]},"properties":{"name":"Chez Marguerite","address":"7 Rue Pocquet de Livonnières, 49100 Angers, France","icon":"restaurant","userComment":"Salon de the avec pâtisseries excellentes avec un chocolat chaud exquis! A y aller pour un petit plaisir sucre ","tags":[{"name":"Cafe","color":"#cd3f75"},{"name":"Excellent","color":"#a844e5"},{"name":"Fancy","color":"#0723cc"},{"name":"Salon de the","color":"#b643d7"}]}},{"type":"Feature","geometry":{"type":"Point","coordinates":[2.3238736,48.8411759]},"properties":{"name":"Café Bohème","address":"19 Boulevard Edgar Quinet, 75014 Paris, France","icon":"restaurant","userComment":"Bar sympa et cocktails aussi ! ","tags":[{"name":"Amis","color":"#408fff"},{"name":"Authentique","color":"#855af1"},{"name":"Ambiance","color":"#fb4c42"},{"name":"Bar","color":"#2ad93c"},{"name":"Cadre sympa","color":"#ee34af"}]}},{"type":"Feature","geometry":{"type":"Point","coordinates":[2.346234083175659,48.87408447265625]},"properties":{"name":"Neuvième Cru","address":"20 Rue Richer, 75009 Paris, France","icon":"restaurant","userComment":"Resto italien ! Raffiné et ambiance cosy ! À réserver ++ ","tags":[{"name":"Sans reservation","color":"#f71a45"},{"name":"À essayer","color":"#6edf38"},{"name":"Italien","color":"#f27b3c"}]}},{"type":"Feature","geometry":{"type":"Point","coordinates":[2.338371,48.83703999999999]},"properties":{"name":"Cantinella","address":"30 Rue du Faubourg Saint-Jacques, 75014 Paris, France","icon":"restaurant","userComment":"Italien dans le 14 eme ","tags":[{"name":"Sans reservation","color":"#f71a45"},{"name":"À essayer","color":"#6edf38"}]}},{"type":"Feature","geometry":{"type":"Point","coordinates":[2.2848028,48.8299491]},"properties":{"name":"Under The Sea Restaurant - Ephemera","address":"1 Rue du 4 Septembre, Issy-les-Moulineaux 92130","icon":"restaurant","userComment":"Ephemera : resto immersif océan ! Univers tres sympa et nourriture pas mal ! Que du poisson en plat ! A cote de la BNF! ","tags":[{"name":"À essayer","color":"#6edf38"},{"name":"Ambiance","color":"#fb4c42"},{"name":"Cadre sympa","color":"#ee34af"},{"name":"Carpe diem","color":"#642fd1"},{"name":"Fancy","color":"#0723cc"},{"name":"Fruits de mer","color":"#4072d8"}]}},{"type":"Feature","geometry":{"type":"Point","coordinates":[2.37166,48.86184]},"properties":{"name":"Stellar - Ephemera","address":"45 Rue Saint-Sébastien, Paris 75011","icon":"restaurant","userComment":"Plus sympa à regarder (ephemera thème espace) et excellents decors mais nourriture vraiment pas folle … je ne conseille que pour les influenceurs 🥹 ","tags":[{"name":"Cadre sympa","color":"#ee34af"},{"name":"Restaurant","color":"#ff5161"},{"name":"Resto à theme","color":"#e92348"}]}},{"type":"Feature","geometry":{"type":"Point","coordinates":[2.367214,48.8577948]},"properties":{"name":"Caves Saint-Gilles","address":"4 Rue Saint-Gilles, 75003 Paris, France","icon":"restaurant","userComment":"Bar a tapas dans le 3 eme ","tags":[{"name":"Sans reservation","color":"#f71a45"},{"name":"À essayer","color":"#6edf38"}]}},{"type":"Feature","geometry":{"type":"Point","coordinates":[2.348848,48.8702844]},"properties":{"name":"BRASSERIE ROSIE LOU","address":"31 Boulevard de Bonne Nouvelle, 75002 Paris, France","icon":"restaurant","userComment":"Brasserie tres sympa style biarritz ( la petite soeur de brasserie lou) ! Coquillettes à la truffe un délice !! Située à bonne nouvelle ( à cote des théâtres) ","tags":[{"name":"À essayer","color":"#6edf38"},{"name":"Restaurant","color":"#ff5161"},{"name":"Ambiance","color":"#fb4c42"},{"name":"Amis","color":"#408fff"},{"name":"Authentique","color":"#855af1"},{"name":"Brasserie","color":"#0c65fd"},{"name":"Carpe diem","color":"#642fd1"},{"name":"Cadre sympa","color":"#ee34af"}]}},{"type":"Feature","geometry":{"type":"Point","coordinates":[2.3178285,48.8294515]},"properties":{"name":"Partage Brasserie","address":"79 Rue Didot, 75014 Paris, France","icon":"restaurant","userComment":"Le midi ++ avec plat dessert à 20 euros ou formule entree plat desserrt à 26 e \n\nVraiment tres tres bon ! Brasserie délicieuse avec produits locaux !! A y aller sans hesiter  ","tags":[{"name":"Carpe diem","color":"#642fd1"},{"name":"Brasserie","color":"#0c65fd"},{"name":"Amis","color":"#408fff"},{"name":"Authentique","color":"#855af1"},{"name":"Bistrot","color":"#5061ff"},{"name":"Excellent","color":"#a844e5"},{"name":"Restaurant","color":"#ff5161"},{"name":"Péruvien","color":"#fa2760"},{"name":"Pas cher","color":"#0add54"}]}},{"type":"Feature","geometry":{"type":"Point","coordinates":[2.3165548,48.83397189999999]},"properties":{"name":"L'Entrepôt","address":"7 Rue Francis de Pressensé, 75014 Paris, France","icon":"restaurant","tags":[{"name":"Sans reservation","color":"#f71a45"},{"name":"À essayer","color":"#6edf38"}]}},{"type":"Feature","geometry":{"type":"Point","coordinates":[2.35885,48.87441]},"properties":{"name":"Marrow","address":"128 Rue du Faubourg Saint-Martin, 75010 Paris, France","icon":"restaurant","tags":[{"name":"Sans reservation","color":"#f71a45"},{"name":"À essayer","color":"#6edf38"}]}},{"type":"Feature","geometry":{"type":"Point","coordinates":[2.3181557,48.8356998]},"properties":{"name":"Papy aux Fourneaux","address":"70 Rue de l'Ouest, 75014 Paris, France","icon":"restaurant","userComment":"Restaurant au concept très friendly : plats français à partager dans des marmites ! Idée de repas de famille le dimanche ! Très bon et ambiance conviviale ! Endroit animé ! Good vibes  ","tags":[{"name":"À essayer","color":"#6edf38"},{"name":"Amis","color":"#408fff"},{"name":"Authentique","color":"#855af1"},{"name":"Brasserie","color":"#0c65fd"},{"name":"Cadre sympa","color":"#ee34af"},{"name":"Carpe diem","color":"#642fd1"},{"name":"French cook","color":"#d63f11"},{"name":"French cook","color":"#2183f6"},{"name":"Parfait pour l’hiver ou pluie","color":"#409fce"},{"name":"Restaurant","color":"#ff5161"}]}},{"type":"Feature","geometry":{"type":"Point","coordinates":[2.3729517459869385,48.85087203979492]},"properties":{"name":"HuThoPi","address":"53 Rue de Charenton, 75012 Paris, France","icon":"restaurant","userComment":"Note 5✨","tags":[{"name":"Sans reservation","color":"#f71a45"},{"name":"À essayer","color":"#6edf38"}]}},{"type":"Feature","geometry":{"type":"Point","coordinates":[0.68196,47.39331]},"properties":{"name":"le petit atelier","address":"21 Rue du Change, 37000 Tours, France","icon":"generic","userComment":"Coffee shop place château neuf ","tags":[{"name":"Cafe","color":"#cd3f75"},{"name":"Cadre sympa","color":"#ee34af"}]}},{"type":"Feature","geometry":{"type":"Point","coordinates":[2.3361959,48.8690001]},"properties":{"name":"La Taverne de Zhao","address":"16 Rue Saint-Augustin, 75002 Paris, France","icon":"restaurant","userComment":"Nouilles incroyables : pas de réservation possible ","tags":[{"name":"Sans reservation","color":"#f71a45"},{"name":"À essayer","color":"#6edf38"},{"name":"Authentique","color":"#855af1"}]}},{"type":"Feature","geometry":{"type":"Point","coordinates":[2.3407727,48.8771649]},"properties":{"name":"Caillebotte","address":"8 Rue Hippolyte Lebas, 75009 Paris, France","icon":"restaurant","tags":[{"name":"Sans reservation","color":"#f71a45"},{"name":"Carpe diem","color":"#642fd1"},{"name":"Brasserie","color":"#0c65fd"}]}},{"type":"Feature","geometry":{"type":"Point","coordinates":[2.316977,48.89058]},"properties":{"name":"Coretta","address":"151 bis Rue Cardinet, 75017 Paris, France","icon":"restaurant","tags":[{"name":"Sans reservation","color":"#f71a45"},{"name":"À essayer","color":"#6edf38"}]}},{"type":"Feature","geometry":{"type":"Point","coordinates":[2.2722835,48.8581336]},"properties":{"name":"Andia","address":"19 Chaussée de la Muette, 75016 Paris, France","icon":"restaurant","tags":[{"name":"Sans reservation","color":"#f71a45"},{"name":"Ambiance","color":"#fb4c42"}]}},{"type":"Feature","geometry":{"type":"Point","coordinates":[2.2470773,48.8375536]},"properties":{"name":"Plantxa","address":"58 Rue Gallieni, 92100 Boulogne-Billancourt, France","icon":"restaurant","userComment":"Resto de juan Arbelaez","tags":[{"name":"Sans reservation","color":"#f71a45"},{"name":"Ambiance","color":"#fb4c42"},{"name":"À essayer","color":"#6edf38"}]}},{"type":"Feature","geometry":{"type":"Point","coordinates":[2.3463372,48.8701865]},"properties":{"name":"Magniv restaurant","address":"37 bis Rue du Sentier, 75002 Paris, France","icon":"restaurant","userComment":"Excellent resto israélien !  Cuisine à partager délicieuse ! Je reco ++ \n\nInfo : resto fermé … ","tags":[{"name":"À essayer","color":"#6edf38"},{"name":"Ambiance","color":"#fb4c42"},{"name":"Authentique","color":"#855af1"},{"name":"Amis","color":"#408fff"},{"name":"Carpe diem","color":"#642fd1"},{"name":"Cocktails","color":"#d1b524"},{"name":"Fancy","color":"#0723cc"},{"name":"Excellent","color":"#a844e5"},{"name":"Mediterraneen","color":"#0902fb"},{"name":"Restaurant","color":"#ff5161"},{"name":"Specialites locales","color":"#2dadd2"}]}},{"type":"Feature","geometry":{"type":"Point","coordinates":[2.34548,48.8711]},"properties":{"name":"pipelettes du boulevard","address":"Boulevard Poissonnière, 75009 Paris, France","icon":"generic","userComment":"Bar a bonne nouvelle : HH","tags":[{"name":"À essayer","color":"#6edf38"},{"name":"Amis","color":"#408fff"},{"name":"Bar","color":"#2ad93c"}]}},{"type":"Feature","geometry":{"type":"Point","coordinates":[2.346578,48.8701349]},"properties":{"name":"The Hoxton Paris","address":"30-32 Rue du Sentier, 75002 Paris, France","icon":"lodging","userComment":"Bar très sympa avec de bons cocktails en face du metropole","tags":[{"name":"À essayer","color":"#6edf38"},{"name":"Ambiance","color":"#fb4c42"},{"name":"Authentique","color":"#855af1"},{"name":"Bar","color":"#2ad93c"},{"name":"Cocktails","color":"#d1b524"},{"name":"Fancy","color":"#0723cc"}]}},{"type":"Feature","geometry":{"type":"Point","coordinates":[0.6917920708656311,47.38902282714844]},"properties":{"name":"Paula","address":"33 Rue Charles Gille, 37000 Tours, France","icon":"cafe","userComment":"Excellent brunch près de la gare !! ","tags":[{"name":"Brunch","color":"#f033cb"}]}},{"type":"Feature","geometry":{"type":"Point","coordinates":[0.486509,47.27124300000001]},"properties":{"name":"Château de l'Aulée","address":"287A Laulée, 37190 Azay-le-Rideau, France","icon":"wine","userComment":"Dégustation de vin de Loire ","tags":[{"name":"À essayer","color":"#6edf38"},{"name":"Amis","color":"#408fff"},{"name":"Wine","color":"#5412d1"}]}},{"type":"Feature","geometry":{"type":"Point","coordinates":[2.3690226078033447,48.864192962646484]},"properties":{"name":"Les Affranchis","address":"28 Boulevard Voltaire, 75011 Paris, France","icon":"nightclub","userComment":"Bar à Oberkampf ! Très bonne ambiance ! Service au comptoir ","tags":[{"name":"À essayer","color":"#6edf38"},{"name":"Ambiance","color":"#fb4c42"},{"name":"Bar","color":"#2ad93c"}]}},{"type":"Feature","geometry":{"type":"Point","coordinates":[12.584805,55.679331]},"properties":{"name":"Hallernes Smørrebrød","address":"Kongens Nytorv 13, 1050 Copenhagen K, Denmark","icon":"restaurant","userComment":"Smorrebroad typique d’ici ","tags":[{"name":"Amis","color":"#408fff"},{"name":"Authentique","color":"#855af1"},{"name":"Specialites locales","color":"#2dadd2"}]}},{"type":"Feature","geometry":{"type":"Point","coordinates":[12.5735765,55.6785921]},"properties":{"name":"Conditori La Glace","address":"Skoubogade 3, 1158 København K, Danmark","icon":"restaurant","userComment":"Salon de thé très typique et connu d’ici ! A faire ++","tags":[{"name":"À essayer","color":"#6edf38"},{"name":"Authentique","color":"#855af1"},{"name":"Cafe","color":"#cd3f75"},{"name":"Carpe diem","color":"#642fd1"},{"name":"Cadre sympa","color":"#ee34af"},{"name":"Excellent","color":"#a844e5"},{"name":"Salon de the","color":"#b643d7"}]}},{"type":"Feature","geometry":{"type":"Point","coordinates":[12.5706724,55.67698]},"properties":{"name":"Lagkagehuset","address":"Frederiksberggade 21, 1459 København K, Danmark","icon":"supermarket","userComment":"Boulangerie avec spécialités danoises ","tags":[{"name":"Boulangerie","color":"#dc2efd"},{"name":"Cafe","color":"#cd3f75"}]}},{"type":"Feature","geometry":{"type":"Point","coordinates":[12.5697655,55.6836899]},"properties":{"name":"Torvehallerne","address":"Frederiksborggade 21, 1360 København K, Danmark","icon":"monument","userComment":"Marche couvert avce plein de choix dont smorrebroad","tags":[{"name":"À essayer","color":"#6edf38"},{"name":"Ambiance","color":"#fb4c42"},{"name":"Authentique","color":"#855af1"},{"name":"Marche couvert","color":"#f23689"},{"name":"Excellent","color":"#a844e5"}]}},{"type":"Feature","geometry":{"type":"Point","coordinates":[12.5810533,55.6793266]},"properties":{"name":"Original Coffee Illum","address":"Østergade 52, 1100 Copenhagen K, Denmark","icon":"cafe","userComment":"Coffee shop en plein centre avec super vue rooftop","tags":[{"name":"Amis","color":"#408fff"},{"name":"Authentique","color":"#855af1"},{"name":"Cafe","color":"#cd3f75"}]}},{"type":"Feature","geometry":{"type":"Point","coordinates":[2.342668600000001,48.8707325]},"properties":{"name":"GRUPPOMIMO - Paris 2 ","address":"157 Rue Montmartre, 75002 Paris, France","icon":"restaurant","userComment":"Restaurant italien gruppomimo très sympa et super ambiance ! Penser à réserver ! Emplacement à Grands Boulevards ","tags":[{"name":"Ambiance","color":"#fb4c42"},{"name":"Authentique","color":"#855af1"},{"name":"Carpe diem","color":"#642fd1"},{"name":"Excellent","color":"#a844e5"},{"name":"Fancy","color":"#0723cc"},{"name":"Italien","color":"#f27b3c"},{"name":"Pasta","color":"#f93bdb"},{"name":"Pates àla truffe","color":"#3316dc"},{"name":"Pizza","color":"#a2d408"},{"name":"Restaurant","color":"#ff5161"}]}},{"type":"Feature","geometry":{"type":"Point","coordinates":[2.3490203,48.8505205]},"properties":{"name":"The Long Hop","address":"25 Rue Frédéric Sauton, 75005 Paris, France","icon":"generic","userComment":"Pub anglais idéal pour les matchs de rugby ! Bonne ambiance ","tags":[{"name":"Ambiance","color":"#fb4c42"},{"name":"Carpe diem","color":"#642fd1"},{"name":"Happy hour","color":"#9526e1"},{"name":"Pub","color":"#56c3dd"}]}},{"type":"Feature","geometry":{"type":"Point","coordinates":[2.346382699999999,48.8598777]},"properties":{"name":"Chez Gladines","address":"11 bis Rue des Halles, 75001 Paris, France","icon":"restaurant","userComment":"Très bon brunch avec différentes formules aux halles ! Gros point positif : reservable !! On ne peut que recommander ! ","tags":[{"name":"Brunch","color":"#f033cb"}]}},{"type":"Feature","geometry":{"type":"Point","coordinates":[2.3403503,48.8489656]},"properties":{"name":"Au Père Louis","address":"38 Rue Monsieur le Prince, 75006 Paris, France","icon":"restaurant","userComment":"Bar à vin près d Odeon ","tags":[{"name":"À essayer","color":"#6edf38"},{"name":"Bar","color":"#2ad93c"},{"name":"Bar à vin","color":"#ea30d5"}]}},{"type":"Feature","geometry":{"type":"Point","coordinates":[2.3337903,48.8641421]},"properties":{"name":"Verlet","address":"256 Rue Saint-Honoré, 75001 Paris, France","icon":"restaurant","userComment":"Salon de thé très bon ! Chocolat chaud ++et pâtisseries","tags":[{"name":"À essayer","color":"#6edf38"},{"name":"Authentique","color":"#855af1"},{"name":"Cafe","color":"#cd3f75"},{"name":"Salon de the","color":"#b643d7"}]}},{"type":"Feature","geometry":{"type":"Point","coordinates":[2.3434916,48.86191159999999]},"properties":{"name":"UNO","address":"37 Rue Berger, 75001 Paris, France","icon":"restaurant","userComment":"Italien sympa à côté des halles ! Polpettes délicieuses ","tags":[{"name":"À essayer","color":"#6edf38"},{"name":"Ambiance","color":"#fb4c42"},{"name":"Amis","color":"#408fff"},{"name":"Authentique","color":"#855af1"},{"name":"Italien","color":"#f27b3c"},{"name":"Pizza","color":"#a2d408"},{"name":"Restaurant","color":"#ff5161"},{"name":"Pasta","color":"#f93bdb"}]}},{"type":"Feature","geometry":{"type":"Point","coordinates":[2.349507,48.85148759999999]},"properties":{"name":"Le Nul Part Ailleurs","address":"3 Rue du Haut-Pavé, 75005 Paris, France","icon":"cafe","userComment":"Bar corse très atypique et avec du caractère ","tags":[{"name":"À essayer","color":"#6edf38"},{"name":"Ambiance","color":"#fb4c42"},{"name":"Amis","color":"#408fff"},{"name":"Authentique","color":"#855af1"},{"name":"Bar","color":"#2ad93c"}]}},{"type":"Feature","geometry":{"type":"Point","coordinates":[2.34525,48.85313]},"properties":{"name":"Babil","address":"24 Rue de la Huchette, 75005 Paris, France, 75005 Paris, France","icon":"generic","userComment":"Bar à vin très très cool en plein sT Michel ! Recommande +++","tags":[{"name":"À essayer","color":"#6edf38"},{"name":"Ambiance","color":"#fb4c42"},{"name":"Amis","color":"#408fff"},{"name":"Authentique","color":"#855af1"},{"name":"Bar","color":"#2ad93c"},{"name":"Wine","color":"#5412d1"}]}},{"type":"Feature","geometry":{"type":"Point","coordinates":[2.34274,48.87092]},"properties":{"name":"Brique Machine - Brique House","address":"161 Rue Montmartre, 75002 Paris, France","icon":"beer","userComment":"Décor arcade avec pizza et hamburger spécialiste de bières ! Pas mal mais sympa juste pour le décor ","tags":[{"name":"À essayer","color":"#6edf38"},{"name":"Ambiance","color":"#fb4c42"},{"name":"Amis","color":"#408fff"},{"name":"Cadre sympa","color":"#ee34af"},{"name":"Carpe diem","color":"#642fd1"},{"name":"Restaurant","color":"#ff5161"},{"name":"Pizza","color":"#a2d408"}]}},{"type":"Feature","geometry":{"type":"Point","coordinates":[-6.219449099999999,53.4040502]},"properties":{"name":"Butlers Chocolate Experience","address":"Dublin, County Dublin, 17, Ireland","icon":"cafe","userComment":"Excellente chocolaterie et chocolat chaud divin ","tags":[{"name":"À essayer","color":"#6edf38"},{"name":"Ambiance","color":"#fb4c42"},{"name":"Cafe","color":"#cd3f75"}]}},{"type":"Feature","geometry":{"type":"Point","coordinates":[-6.25668,53.34187]},"properties":{"name":"Dunne And Crescenzi","address":"Frederick Street South, Dublin, County Dublin, 2, Ireland, Dublin, County Dublin, 2, Ireland","icon":"generic","userComment":"Restaurant italien à côté de trinity ","tags":[{"name":"À essayer","color":"#6edf38"},{"name":"Authentique","color":"#855af1"},{"name":"Carpe diem","color":"#642fd1"},{"name":"Pasta","color":"#f93bdb"},{"name":"Restaurant","color":"#ff5161"},{"name":"Wine","color":"#5412d1"},{"name":"Italien","color":"#f27b3c"}]}},{"type":"Feature","geometry":{"type":"Point","coordinates":[-6.287120799999999,53.3417062]},"properties":{"name":"Gravity Bar","address":"Guinness Storehouse, St. James's Gate, Dublin 8, D08 VF8H, Ireland","icon":"restaurant","userComment":"Bar au Guinness storage avec vue panoramique ","tags":[{"name":"À essayer","color":"#6edf38"},{"name":"Ambiance","color":"#fb4c42"},{"name":"Amis","color":"#408fff"},{"name":"Bar","color":"#2ad93c"}]}},{"type":"Feature","geometry":{"type":"Point","coordinates":[-6.265078,53.3448564]},"properties":{"name":"Al Vesuvio Restaurant","address":"Temple Bar, Dublin 2, D02 C958, Ireland","icon":"restaurant","userComment":"Restaurant italien en plein cœur du template bar ! Très bon ! Divines pastas dans un quartier sympa ","tags":[{"name":"À essayer","color":"#6edf38"},{"name":"Ambiance","color":"#fb4c42"},{"name":"Amis","color":"#408fff"},{"name":"Authentique","color":"#855af1"},{"name":"Pasta","color":"#f93bdb"},{"name":"Restaurant","color":"#ff5161"}]}},{"type":"Feature","geometry":{"type":"Point","coordinates":[-6.069431,53.39220899999999]},"properties":{"name":"Aqua Restaurant","address":"1 West Pier, Howth, Co. Dublin, D13 H2V4, Ireland","icon":"generic","userComment":"Excellent restaurant de poisson ! Soupe de poisson et fish and chips à tester++\n\nCadre incroyable sur la baie de Howth : reserver de préférence ","tags":[{"name":"À essayer","color":"#6edf38"},{"name":"Ambiance","color":"#fb4c42"},{"name":"Authentique","color":"#855af1"},{"name":"Carpe diem","color":"#642fd1"},{"name":"Cadre sympa","color":"#ee34af"},{"name":"Excellent","color":"#a844e5"},{"name":"Fruits de mer","color":"#4072d8"},{"name":"Moules","color":"#2d0adc"},{"name":"Lobster","color":"#e61f4d"},{"name":"Restaurant","color":"#ff5161"},{"name":"Vue panoramique","color":"#57aef5"},{"name":"Vue mer","color":"#d2b251"}]}},{"type":"Feature","geometry":{"type":"Point","coordinates":[-6.264171599999999,53.3454753]},"properties":{"name":"The Temple Bar Pub","address":"3 Temple Bar, Dublin, County Dublin, D02 C958, Ireland","icon":"fastfood","userComment":"THE PUB de dublin dans Le célèbre quartier template bar ! Bar très très blindé mais ambiance garantie ","tags":[{"name":"À essayer","color":"#6edf38"},{"name":"Ambiance","color":"#fb4c42"},{"name":"Amis","color":"#408fff"},{"name":"Bar","color":"#2ad93c"},{"name":"Brasserie","color":"#0c65fd"}]}},{"type":"Feature","geometry":{"type":"Point","coordinates":[-6.27544,53.34803]},"properties":{"name":"The Church Fare","address":"May Lane, Dublin, County Dublin, 7, Ireland","icon":"supermarket","userComment":"Bar dans une ancienne église ! Très stylé et belle ambiance ","tags":[{"name":"À essayer","color":"#6edf38"},{"name":"Ambiance","color":"#fb4c42"},{"name":"Authentique","color":"#855af1"},{"name":"Bar","color":"#2ad93c"}]}},{"type":"Feature","geometry":{"type":"Point","coordinates":[2.301732,48.8819085]},"properties":{"name":"Bloom Sushi","address":"99 Rue Jouffroy d'Abbans, 75017 Paris, France","icon":"restaurant","userComment":"Excellent endroit à sushi : végétalien ! ","tags":[{"name":"Sushi","color":"#26b9dc"},{"name":"Japan","color":"#d1521c"}]}},{"type":"Feature","geometry":{"type":"Point","coordinates":[4.828421099999999,45.763744]},"properties":{"name":"Restaurant A la Traboule","address":"3 Place du Gouvernement, 69005 Lyon, France","icon":"restaurant","userComment":"Street food en mode félicita avec produits locaux de circuit court","tags":[{"name":"À essayer","color":"#6edf38"},{"name":"Specialites locales","color":"#2dadd2"},{"name":"Street food","color":"#32d7c9"}]}},{"type":"Feature","geometry":{"type":"Point","coordinates":[4.8321151,45.7623469]},"properties":{"name":"Fresco Glacier","address":"29 Quai Saint-Antoine, 69002 Lyon, France","icon":"restaurant","userComment":"Bonnes glaces à côté d’hôtel Dieu ","tags":[{"name":"Glace","color":"#49ceb7"}]}},{"type":"Feature","geometry":{"type":"Point","coordinates":[4.835363,45.7669831]},"properties":{"name":"The Rambler","address":"7 Rue Pizay, 69001 Lyon, France","icon":"bar","userComment":"Bar /club à cocktails ! Très bonne ambiance et musique ","tags":[{"name":"À essayer","color":"#6edf38"},{"name":"Ambiance","color":"#fb4c42"},{"name":"Carpe diem","color":"#642fd1"},{"name":"Excellent","color":"#a844e5"},{"name":"Cocktails","color":"#d1b524"}]}},{"type":"Feature","geometry":{"type":"Point","coordinates":[0.683968,47.39420200000001]},"properties":{"name":"Bar Le Vieux Château","address":"6 Bis Rue du Président Merville, 37000 Tours, France","icon":"generic","userComment":"Bonne brasserie près de plume ","tags":[{"name":"À essayer","color":"#6edf38"},{"name":"Ambiance","color":"#fb4c42"},{"name":"Brasserie","color":"#0c65fd"}]}},{"type":"Feature","geometry":{"type":"Point","coordinates":[0.6805509924888611,47.3929557800293]},"properties":{"name":"La Ptite Maiz","address":"53 Place du Grand Marché, 37000 Tours, France","icon":"generic","userComment":"Bar très sympa et bobo ! Bières locales et gin to tourangeaux ","tags":[{"name":"À essayer","color":"#6edf38"},{"name":"Ambiance","color":"#fb4c42"},{"name":"Amis","color":"#408fff"},{"name":"Bouillon","color":"#d73783"},{"name":"Bar","color":"#2ad93c"}]}},{"type":"Feature","geometry":{"type":"Point","coordinates":[0.69313,47.39664]},"properties":{"name":"La Clinique Du Street Art","address":"33 Rue Lavoisier, Tours 37000","icon":"generic","userComment":"Lieu haut en couleur ! Dans l’ancienne clinique sT gatien des artistes de street art ont envahi les lieux pour créer un bar tres cosy avec expo ! Ambiance garantie et tres originale","tags":[{"name":"Ambiance","color":"#fb4c42"},{"name":"À essayer","color":"#6edf38"},{"name":"Amis","color":"#408fff"},{"name":"Authentique","color":"#855af1"},{"name":"Carpe diem","color":"#642fd1"},{"name":"Street art","color":"#e44e56"}]}},{"type":"Feature","geometry":{"type":"Point","coordinates":[2.3723353,48.8662472]},"properties":{"name":"La Loutre Bar","address":"46 Rue Jean-Pierre Timbaud, 75011 Paris, France","icon":"bar","userComment":"Très bon bar à cocktail ! Excellent cocktail « anti-inflation » au gin ","tags":[{"name":"À essayer","color":"#6edf38"},{"name":"Ambiance","color":"#fb4c42"},{"name":"Amis","color":"#408fff"},{"name":"Authentique","color":"#855af1"}]}},{"type":"Feature","geometry":{"type":"Point","coordinates":[18.1120254,42.63993749999999]},"properties":{"name":"Trattoria Carmen","address":"Ul. kneza Damjana Jude 10, 20000, Dubrovnik, Croatie","icon":"restaurant","userComment":"Excellent resto italien ","tags":[{"name":"À essayer","color":"#6edf38"},{"name":"Ambiance","color":"#fb4c42"},{"name":"Amis","color":"#408fff"},{"name":"Restaurant","color":"#ff5161"},{"name":"Pasta","color":"#f93bdb"},{"name":"Italien","color":"#f27b3c"}]}},{"type":"Feature","geometry":{"type":"Point","coordinates":[2.339175224304199,48.875877380371094]},"properties":{"name":"Yatai Ramen Chateaudun","address":"17 Rue de Châteaudun, 75009 Paris, France","icon":"restaurant","userComment":"Ramen à la déco sympa !\n","tags":[{"name":"À essayer","color":"#6edf38"},{"name":"Ramen","color":"#cc1c85"},{"name":"Authentique","color":"#855af1"}]}},{"type":"Feature","geometry":{"type":"Point","coordinates":[2.3220713,48.838429]},"properties":{"name":"Food Society Paris Gaîté","address":"68 Avenue du Maine, Paris 75014","icon":"restaurant","userComment":"Dans le même mood que la FÉLICITA mais version cuisine du monde ! A deux pas de montpar ! Une belle découverte très sympa","tags":[{"name":"Amis","color":"#408fff"},{"name":"Ambiance","color":"#fb4c42"},{"name":"Carpe diem","color":"#642fd1"},{"name":"Fancy","color":"#0723cc"},{"name":"Food truck","color":"#f30eb3"},{"name":"Parfait pour l’hiver ou pluie","color":"#409fce"},{"name":"Street food","color":"#32d7c9"}]}},{"type":"Feature","geometry":{"type":"Point","coordinates":[18.106389,42.64169500000001]},"properties":{"name":"Kavana Dubravka","address":"Brsalje ul. 1, 20000, Dubrovnik, Croatie","icon":"restaurant","userComment":"Très bon resto à côté des remparts ","tags":[{"name":"À essayer","color":"#6edf38"},{"name":"Authentique","color":"#855af1"},{"name":"Ambiance","color":"#fb4c42"},{"name":"Vue mer","color":"#d2b251"},{"name":"Specialites locales","color":"#2dadd2"},{"name":"Pizza","color":"#a2d408"},{"name":"Pasta","color":"#f93bdb"}]}},{"type":"Feature","geometry":{"type":"Point","coordinates":[18.061473,42.657899]},"properties":{"name":"Restaurant Levanat","address":"Šetalište Nika i Meda Pucića 15, 20000, Dubrovnik, Croatie","icon":"restaurant","userComment":"Restaurant idéal pour admirer le sunset ! Vue mer exceptionnelle!! La regalade ! ","tags":[{"name":"À essayer","color":"#6edf38"},{"name":"Ambiance","color":"#fb4c42"},{"name":"Amis","color":"#408fff"},{"name":"Authentique","color":"#855af1"},{"name":"Cadre sympa","color":"#ee34af"},{"name":"Cocktails","color":"#d1b524"},{"name":"Carpe diem","color":"#642fd1"},{"name":"Fruits de mer","color":"#4072d8"},{"name":"Pasta","color":"#f93bdb"},{"name":"Pates àla truffe","color":"#3316dc"},{"name":"Restaurant","color":"#ff5161"},{"name":"Specialites locales","color":"#2dadd2"},{"name":"Vue panoramique","color":"#57aef5"},{"name":"Vue mer","color":"#d2b251"}]}},{"type":"Feature","geometry":{"type":"Point","coordinates":[18.109540939331055,42.64048385620117]},"properties":{"name":"Boccapiena","address":"Ulica od puča 3 20000 Dubrovnik Croatia","icon":"generic","userComment":"Très bon glacier ","tags":[{"name":"À essayer","color":"#6edf38"},{"name":"Carpe diem","color":"#642fd1"},{"name":"Glace","color":"#49ceb7"}]}},{"type":"Feature","geometry":{"type":"Point","coordinates":[16.4411623,43.1727589]},"properties":{"name":"Dalmatino Hvar","address":"Sveti Marak 1, 21450, Hvar, Croatie","icon":"restaurant","userComment":"Excellent restaurant sur une place à l’abri des regard ! Service vraiment impeccable ! Un bonheur gustatif ","tags":[{"name":"À essayer","color":"#6edf38"},{"name":"Ambiance","color":"#fb4c42"},{"name":"Authentique","color":"#855af1"},{"name":"Cadre sympa","color":"#ee34af"},{"name":"Pasta","color":"#f93bdb"},{"name":"Restaurant","color":"#ff5161"},{"name":"Specialites locales","color":"#2dadd2"}]}},{"type":"Feature","geometry":{"type":"Point","coordinates":[16.44385528564453,43.50537872314453]},"properties":{"name":"Lola Split","address":"Ulica Mile Gojsalić 1 21000 Split Croatia","icon":"generic","userComment":"Excellent resto avec cuisine méditerranéenne !! Vraiment top","tags":[{"name":"À essayer","color":"#6edf38"},{"name":"Ambiance","color":"#fb4c42"},{"name":"Cadre sympa","color":"#ee34af"},{"name":"Excellent","color":"#a844e5"},{"name":"Specialites locales","color":"#2dadd2"}]}},{"type":"Feature","geometry":{"type":"Point","coordinates":[16.4385405,43.5088785]},"properties":{"name":"Palace Judita Heritage Hotel","address":"Narodni trg 4, 21000, Split, Croatia","icon":"lodging","userComment":"Magnifique bar à cocktails ! Cadre idyllique et superbes cocktails ! Tout ce qu’on aime","tags":[{"name":"À essayer","color":"#6edf38"},{"name":"Bar à vin","color":"#ea30d5"},{"name":"Bar","color":"#2ad93c"},{"name":"Carpe diem","color":"#642fd1"},{"name":"Cadre sympa","color":"#ee34af"},{"name":"Cocktails","color":"#d1b524"}]}},{"type":"Feature","geometry":{"type":"Point","coordinates":[16.2507489,43.5164746]},"properties":{"name":"Calebotta","address":"21220, Gradska ul. 23, 21220, Trogir, Croatie","icon":"restaurant","userComment":"Excellent restaurant\nConseil demander à manger au garden","tags":[{"name":"À essayer","color":"#6edf38"},{"name":"Ambiance","color":"#fb4c42"},{"name":"Amis","color":"#408fff"},{"name":"Authentique","color":"#855af1"},{"name":"Restaurant","color":"#ff5161"},{"name":"Poisson","color":"#f61c82"},{"name":"Pates àla truffe","color":"#3316dc"},{"name":"Pasta","color":"#f93bdb"},{"name":"Specialites locales","color":"#2dadd2"}]}},{"type":"Feature","geometry":{"type":"Point","coordinates":[15.2256833,44.11339]},"properties":{"name":"Restaurant Pjat","address":"Stomorica ul. 10, 23000, Zadar, Croatie","icon":"restaurant","userComment":"Restaurant typique mais moins bien que canzona… ","tags":[{"name":"À essayer","color":"#6edf38"},{"name":"Ambiance","color":"#fb4c42"},{"name":"Authentique","color":"#855af1"},{"name":"Restaurant","color":"#ff5161"}]}},{"type":"Feature","geometry":{"type":"Point","coordinates":[15.22565519999999,44.1133689]},"properties":{"name":"Restoran Canzona","address":"Stomorica ul. 8, 23000, Zadar, Croatie","icon":"restaurant","userComment":"Restaurant très bon avec saveurs vénitiennes et dalmatiennes ! Un bonheur gustatif ","tags":[{"name":"À essayer","color":"#6edf38"},{"name":"Ambiance","color":"#fb4c42"},{"name":"Authentique","color":"#855af1"},{"name":"Cadre sympa","color":"#ee34af"},{"name":"Cocktails","color":"#d1b524"},{"name":"Pates àla truffe","color":"#3316dc"},{"name":"Pasta","color":"#f93bdb"},{"name":"Restaurant","color":"#ff5161"}]}},{"type":"Feature","geometry":{"type":"Point","coordinates":[15.2264038,44.11385250000001]},"properties":{"name":"Deja Brew Pub Zadar","address":"Borelli ul. 8, 23000, Zadar, Croatie","icon":"bar","userComment":"Bar que je recommande : très local et moins touristique qu ailleurs ","tags":[{"name":"À essayer","color":"#6edf38"},{"name":"Ambiance","color":"#fb4c42"},{"name":"Amis","color":"#408fff"},{"name":"Authentique","color":"#855af1"},{"name":"Bar","color":"#2ad93c"}]}},{"type":"Feature","geometry":{"type":"Point","coordinates":[15.9768076,45.81489139999999]},"properties":{"name":"La Struk","address":"Skalinska ul. 5, 10000, Zagreb, Croatie","icon":"restaurant","userComment":"Spécialités locales dans un endroit très sympa ! Très sympa ","tags":[{"name":"À essayer","color":"#6edf38"},{"name":"Authentique","color":"#855af1"},{"name":"Excellent","color":"#a844e5"},{"name":"Pates àla truffe","color":"#3316dc"},{"name":"Specialites locales","color":"#2dadd2"},{"name":"Restaurant","color":"#ff5161"}]}},{"type":"Feature","geometry":{"type":"Point","coordinates":[15.974119585022306,45.8122679405341]},"properties":{"name":"Bonita","address":"10000 Zagreb Croatie","icon":"generic","userComment":"Bar très sympa sur une place coool","tags":[{"name":"Ambiance","color":"#fb4c42"},{"name":"Bar","color":"#2ad93c"}]}},{"type":"Feature","geometry":{"type":"Point","coordinates":[2.236,48.8459]},"properties":{"name":"Gruppomimo-Restaurant Italien","address":"7 Rue de l'Église 92100 Boulogne-Billancourt France","icon":"generic","userComment":"Sympa ! Resto italien ! A réserver ++ ! Super foccacia à la truffe ","tags":[{"name":"Restaurant","color":"#ff5161"},{"name":"Cocktails","color":"#d1b524"},{"name":"Carpe diem","color":"#642fd1"},{"name":"Italien","color":"#f27b3c"}]}},{"type":"Feature","geometry":{"type":"Point","coordinates":[3.6787833,43.43789750000001]},"properties":{"name":"Le Grand Large","address":"Avenue Pasteur Prolongée, 34540 Balaruc-les-Bains, France","icon":"restaurant","userComment":"Excellent restaurant vue sur l’étang de Thau. Restaurant de poissons et coquillages selon l’arrivée de la pêche du matin. Excellent et recommandé pour les amoureux des mets maritimes. ","tags":[{"name":"À essayer","color":"#6edf38"},{"name":"Ambiance","color":"#fb4c42"},{"name":"Excellent","color":"#a844e5"},{"name":"Fruits de mer","color":"#4072d8"},{"name":"Lobster","color":"#e61f4d"},{"name":"Restaurant","color":"#ff5161"},{"name":"Poisson","color":"#f61c82"},{"name":"Vue mer","color":"#d2b251"},{"name":"Specialites locales","color":"#2dadd2"}]}},{"type":"Feature","geometry":{"type":"Point","coordinates":[3.9052939,43.5165481]},"properties":{"name":"Carré Mer","address":"Plage de Maguelone, 34750 Villeneuve-lès-Maguelone, France","icon":"restaurant","userComment":"Excellent beach club avec une cuisine raffinée et très bonne ! A réserver++\nAu bord de l eau ","tags":[{"name":"Ambiance","color":"#fb4c42"},{"name":"Restaurant","color":"#ff5161"},{"name":"Poisson","color":"#f61c82"},{"name":"Vue mer","color":"#d2b251"},{"name":"Vue panoramique","color":"#57aef5"}]}},{"type":"Feature","geometry":{"type":"Point","coordinates":[3.21116,43.34168]},"properties":{"name":"Les Bons Amis","address":"Place des Bons Amis, 34500 Béziers, France","icon":"generic","userComment":"Restaurant très sympa ","tags":[{"name":"À essayer","color":"#6edf38"},{"name":"Ambiance","color":"#fb4c42"},{"name":"Amis","color":"#408fff"},{"name":"Authentique","color":"#855af1"},{"name":"Cadre sympa","color":"#ee34af"},{"name":"Carpe diem","color":"#642fd1"},{"name":"Fruits de mer","color":"#4072d8"},{"name":"Restaurant","color":"#ff5161"}]}},{"type":"Feature","geometry":{"type":"Point","coordinates":[3.696568012237549,43.39921188354492]},"properties":{"name":"Aïoli","address":"2 Quai Maximin Licciardi, 34200 Sète, France","icon":"generic","userComment":"Bar à tapas très sympa et Good mood ","tags":[{"name":"Ambiance","color":"#fb4c42"},{"name":"À essayer","color":"#6edf38"},{"name":"Bar","color":"#2ad93c"},{"name":"Vue mer","color":"#d2b251"},{"name":"Tapas","color":"#cc4638"}]}},{"type":"Feature","geometry":{"type":"Point","coordinates":[2.3602644,48.8685901]},"properties":{"name":"The 46 Bar","address":"46 Rue René Boulanger, 75010 Paris, France","icon":"bar","userComment":"Bar à cocktails dans le même style que le 36 bar mais en plus grand et sans musique ! Sympa","tags":[{"name":"Ambiance","color":"#fb4c42"},{"name":"Amis","color":"#408fff"},{"name":"Authentique","color":"#855af1"},{"name":"Bar","color":"#2ad93c"},{"name":"Cocktails","color":"#d1b524"}]}},{"type":"Feature","geometry":{"type":"Point","coordinates":[2.36113,48.86841]},"properties":{"name":"The 38 Bar","address":"38 Rue René Boulanger, 75010 Paris, France, 75010 Paris, France","icon":"generic","userComment":"Bar à cocktail très sympa ! Très chill et cosy et cocktails 👌🏼","tags":[{"name":"Ambiance","color":"#fb4c42"},{"name":"Amis","color":"#408fff"},{"name":"Authentique","color":"#855af1"},{"name":"Bar","color":"#2ad93c"},{"name":"À essayer","color":"#6edf38"},{"name":"Cadre sympa","color":"#ee34af"},{"name":"Carpe diem","color":"#642fd1"},{"name":"Cocktails","color":"#d1b524"}]}},{"type":"Feature","geometry":{"type":"Point","coordinates":[2.363029499999999,48.8557358]},"properties":{"name":"Salento Marais","address":"6 Rue de Jarente, 75004 Paris, France","icon":"restaurant","userComment":"Excellent italien en plein milieu du marais ! Idéal entre amis ou à 2 ! Pâtes succulentes un bonheur ! A côté de la place du marché sT Catherine !! ","tags":[{"name":"Ambiance","color":"#fb4c42"},{"name":"Amis","color":"#408fff"},{"name":"Authentique","color":"#855af1"},{"name":"Cadre sympa","color":"#ee34af"},{"name":"Carpe diem","color":"#642fd1"},{"name":"Excellent","color":"#a844e5"},{"name":"Italien","color":"#f27b3c"},{"name":"Pasta","color":"#f93bdb"},{"name":"Specialites locales","color":"#2dadd2"},{"name":"Wine","color":"#5412d1"}]}},{"type":"Feature","geometry":{"type":"Point","coordinates":[1.9416469,47.7228907]},"properties":{"name":"Aga Mame","address":"53 rue du général Leclerc, 45240 La Ferté-Saint-Aubin, France","icon":"restaurant","userComment":"Brasserie sympathique et pas loin du château ","tags":[{"name":"Authentique","color":"#855af1"},{"name":"Brasserie","color":"#0c65fd"}]}},{"type":"Feature","geometry":{"type":"Point","coordinates":[1.9052316,47.901998]},"properties":{"name":"Au Don Camillo","address":"54 Rue Sainte-Catherine, 45000 Orléans, France","icon":"restaurant","userComment":"Super italien ! Très copieux ! Super pasta à la meule de parmesan !! On adore ","tags":[{"name":"Ambiance","color":"#fb4c42"},{"name":"À essayer","color":"#6edf38"},{"name":"Amis","color":"#408fff"},{"name":"Pasta","color":"#f93bdb"},{"name":"Pates àla truffe","color":"#3316dc"},{"name":"Pizza","color":"#a2d408"},{"name":"Restaurant","color":"#ff5161"}]}},{"type":"Feature","geometry":{"type":"Point","coordinates":[2.259869,48.84833200000001]},"properties":{"name":"Auteuil Brasserie","address":"78 Rue d'Auteuil, Paris 75016","icon":"restaurant","userComment":"Brasserie très sympa avec un rooftop parfait été comme hiver ! Je recommande de réserver ","tags":[{"name":"À essayer","color":"#6edf38"},{"name":"Cadre sympa","color":"#ee34af"},{"name":"Pates àla truffe","color":"#3316dc"},{"name":"Pasta","color":"#f93bdb"},{"name":"Pizza","color":"#a2d408"},{"name":"Restaurant","color":"#ff5161"},{"name":"Rooftop","color":"#40b4fb"}]}},{"type":"Feature","geometry":{"type":"Point","coordinates":[7.7470649,48.5817563]},"properties":{"name":"Glacier Toscani","address":"4 Rue de la Lanterne, 67000 Strasbourg, France","icon":"shopping","userComment":"Bonnes glaces mais un peu déçue ","tags":[{"name":"Carpe diem","color":"#642fd1"},{"name":"Glace","color":"#49ceb7"}]}},{"type":"Feature","geometry":{"type":"Point","coordinates":[7.741465,48.58147530000001]},"properties":{"name":"Restaurant L'Oignon","address":"4 Rue des Moulins, 67000 Strasbourg, France","icon":"restaurant","userComment":"Très bon resto de viandes avec les spécialités locales ! Petit coup de coeur pour le Tiger steak et le poulet ! Accompagnement de spaetzle : on adore ","tags":[{"name":"Ambiance","color":"#fb4c42"},{"name":"À essayer","color":"#6edf38"},{"name":"Specialites locales","color":"#2dadd2"},{"name":"Restaurant","color":"#ff5161"},{"name":"Viandes","color":"#cf1c02"}]}},{"type":"Feature","geometry":{"type":"Point","coordinates":[7.752674900000001,48.5832044]},"properties":{"name":"La Binchtub","address":"6 Rue du Tonnelet Rouge, 67000 Strasbourg, France","icon":"restaurant","userComment":"Excellente adresse pour flammekeuche et ambiance !! Excellent accueil ! Très convivial ! Shoot offert service très sympa !! Vins d’Alsace très bons ! \nRecommandations ++ ","tags":[{"name":"À essayer","color":"#6edf38"},{"name":"Ambiance","color":"#fb4c42"},{"name":"Amis","color":"#408fff"},{"name":"Specialites locales","color":"#2dadd2"}]}},{"type":"Feature","geometry":{"type":"Point","coordinates":[7.7492065,48.5801746]},"properties":{"name":"Les BerThoM","address":"18 Rue des Tonneliers, 67000 Strasbourg, France","icon":"bar","userComment":"Excellent bar avec différentes bières et super service !!! On adore ","tags":[{"name":"À essayer","color":"#6edf38"},{"name":"Ambiance","color":"#fb4c42"},{"name":"Authentique","color":"#855af1"},{"name":"Bar","color":"#2ad93c"}]}},{"type":"Feature","geometry":{"type":"Point","coordinates":[2.66681,41.61641]},"properties":{"name":"Santagloria","address":"Carrer Costa Fornaguera, 46, 08370 Calella (Barcelone), Espagne","icon":"generic","userComment":"Très bonne bakery avec du cAColac comme on aime ","tags":[{"name":"Boulangerie","color":"#dc2efd"}]}},{"type":"Feature","geometry":{"type":"Point","coordinates":[2.644693,41.60720510000001]},"properties":{"name":"Rocapins","address":"Carretere Nacional 2, Km. 666, 08370 Calella, Barcelona, Spain","icon":"restaurant","userComment":"Beach club tres sympa : excellent cadre mais pas pour manger ","tags":[{"name":"Ambiance","color":"#fb4c42"},{"name":"Amis","color":"#408fff"},{"name":"Authentique","color":"#855af1"},{"name":"Beach club","color":"#92d247"}]}},{"type":"Feature","geometry":{"type":"Point","coordinates":[2.661828400000001,41.6146992]},"properties":{"name":"El Cielo Extremeño","address":"Carrer de l'Església, 135, 08370 Calella, Barcelona, España","icon":"restaurant","userComment":"Excellent bar à vin et avec de très bonnes spécialités locales ! On ne peut que valider \n\nPetit clin d’œil pour le nom « El Cielo »!\nAdresse à faire ++ ","tags":[{"name":"Ambiance","color":"#fb4c42"},{"name":"Bar à vin","color":"#ea30d5"},{"name":"Wine","color":"#5412d1"},{"name":"Tapas","color":"#cc4638"}]}},{"type":"Feature","geometry":{"type":"Point","coordinates":[2.670293,41.61496229999999]},"properties":{"name":"Nui Beach Calella","address":"Platja Gran de Calella, 08370 Calella, Barcelona, Espagne","icon":"restaurant","userComment":"Beach club tres sympa avec d’excellents cocktails et délicieux plats ! \n\nPaella excellente ","tags":[{"name":"Beach club","color":"#92d247"},{"name":"Ambiance","color":"#fb4c42"},{"name":"Cocktails","color":"#d1b524"},{"name":"Excellent","color":"#a844e5"},{"name":"Fancy","color":"#0723cc"},{"name":"Poisson","color":"#f61c82"},{"name":"Restaurant","color":"#ff5161"}]}},{"type":"Feature","geometry":{"type":"Point","coordinates":[2.6614863,41.6126813]},"properties":{"name":"Xiri 9","address":"Passeig Manel Puigvert s/n ( Playa de Calella ), Delante Hotel Espanya, 08370 Calella, Barcelona, Spanje","icon":"bar","userComment":"Beach club : excellentes tapas très copieuses ! Très bon","tags":[{"name":"Ambiance","color":"#fb4c42"},{"name":"À essayer","color":"#6edf38"},{"name":"Carpe diem","color":"#642fd1"},{"name":"Cocktails","color":"#d1b524"},{"name":"Beach club","color":"#92d247"}]}},{"type":"Feature","geometry":{"type":"Point","coordinates":[2.6555283,41.6130769]},"properties":{"name":"PORCUS /TALL c/Riera","address":"Carrer de la Riera, 31, 08370 Calella, Barcelona, Espagne","icon":"generic","userComment":"Excellent bar à vin / sangria avec excellents jambons ibériques ! Un apéro de qualité avec un service excellent ","tags":[{"name":"À essayer","color":"#6edf38"},{"name":"Coworking","color":"#af0ecc"},{"name":"Bar à vin","color":"#ea30d5"}]}},{"type":"Feature","geometry":{"type":"Point","coordinates":[-1.2561053,46.16211260000001]},"properties":{"name":"La Plage","address":"Sablanceaux, 17940 Rivedoux-Plage, France","icon":"restaurant","userComment":"Très bon restaurant les pieds dans l’eau ! Excellent repas ! Vue sur mer : un plaisir gustatif et des yeux ","tags":[{"name":"À essayer","color":"#6edf38"},{"name":"Ambiance","color":"#fb4c42"},{"name":"Amis","color":"#408fff"},{"name":"Authentique","color":"#855af1"},{"name":"Carpe diem","color":"#642fd1"},{"name":"Cocktails","color":"#d1b524"},{"name":"Fruits de mer","color":"#4072d8"},{"name":"Restaurant","color":"#ff5161"},{"name":"Vue mer","color":"#d2b251"}]}},{"type":"Feature","geometry":{"type":"Point","coordinates":[-1.3587855,46.2045176]},"properties":{"name":"Citadelle de Saint-Martin-de-Ré","address":"Cours Vauban, 17410 Saint-Martin-de-Ré, France","icon":"monument","userComment":"Bar pour une soirée on fire ","tags":[{"name":"À essayer","color":"#6edf38"},{"name":"Ambiance","color":"#fb4c42"},{"name":"Bar à vin","color":"#ea30d5"}]}},{"type":"Feature","geometry":{"type":"Point","coordinates":[-1.3630577,46.2039848]},"properties":{"name":"O Parloir","address":"20 Cours Vauban, 17410 Saint-Martin-de-Ré, France","icon":"restaurant","userComment":"Restaurant très sympa et très bon repas ! Adresse à faire ++ si île de ré ! The place to be🥰","tags":[{"name":"Ambiance","color":"#fb4c42"},{"name":"Cadre sympa","color":"#ee34af"},{"name":"Cocktails","color":"#d1b524"},{"name":"Excellent","color":"#a844e5"},{"name":"Restaurant","color":"#ff5161"}]}},{"type":"Feature","geometry":{"type":"Point","coordinates":[-1.3543452,46.2042508]},"properties":{"name":"La Cible","address":"Avenue de la Plage, 17410 Saint-Martin-de-Ré, France","icon":"restaurant","userComment":"Bar de plages comme on les aime ! Très mimi ","tags":[{"name":"Ambiance","color":"#fb4c42"},{"name":"Bar","color":"#2ad93c"}]}},{"type":"Feature","geometry":{"type":"Point","coordinates":[-1.3682314,46.2045881]},"properties":{"name":"La Martinière","address":"19 Quai de la Poithevinière, 17410 Saint-Martin-de-Ré, France","icon":"shopping","userComment":"THE ice cream :à goûter sans se poser de question ","tags":[{"name":"Glace","color":"#49ceb7"}]}},{"type":"Feature","geometry":{"type":"Point","coordinates":[-1.3686712,46.2033745]},"properties":{"name":"L'Insolite Restaurant, Bar, Bar à Vin.","address":"11 Cours Bailly des Écotais, 17410 Saint-Martin-de-Ré, France","icon":"restaurant","userComment":"Très bon restaurant avec  un cadre très sympa sur une place très agréable ! On recommande ","tags":[{"name":"Amis","color":"#408fff"},{"name":"Ambiance","color":"#fb4c42"},{"name":"Authentique","color":"#855af1"},{"name":"Carpe diem","color":"#642fd1"},{"name":"Excellent","color":"#a844e5"},{"name":"Fruits de mer","color":"#4072d8"},{"name":"Restaurant","color":"#ff5161"}]}},{"type":"Feature","geometry":{"type":"Point","coordinates":[-1.3673698,46.2045994]},"properties":{"name":"Do Re Mie","address":"2 Rue Baron de Chantal, 17410 Saint-Martin-de-Ré, France","icon":"lodging","userComment":"Très bonne boulangerie face au port","tags":[{"name":"Boulangerie","color":"#dc2efd"},{"name":"Authentique","color":"#855af1"}]}},{"type":"Feature","geometry":{"type":"Point","coordinates":[-1.3728949,46.2051755]},"properties":{"name":"Le Bastion Restaurant Bar Club","address":"50 Cr Pasteur, 17410 Saint-Martin-de-Ré, France","icon":"restaurant","userComment":"Bar à ambiance / club avec très beau cadre ! Très sympa et hype ! Très bons cocktails ","tags":[{"name":"Ambiance","color":"#fb4c42"},{"name":"Amis","color":"#408fff"},{"name":"Bar","color":"#2ad93c"},{"name":"Carpe diem","color":"#642fd1"},{"name":"Cocktails","color":"#d1b524"}]}},{"type":"Feature","geometry":{"type":"Point","coordinates":[2.324732599999999,48.8405655]},"properties":{"name":"Tripletta Gaité","address":"1 Imp. de la Gaité, 75014 Paris, France","icon":"restaurant","userComment":"Bonne pizzeria impasse de la gaité ! Idéal pour combo bar + pizza ","tags":[{"name":"Authentique","color":"#855af1"},{"name":"À essayer","color":"#6edf38"},{"name":"Italien","color":"#f27b3c"},{"name":"Pizza","color":"#a2d408"}]}},{"type":"Feature","geometry":{"type":"Point","coordinates":[2.3246457,48.84044840000001]},"properties":{"name":"The Copper Pub","address":"4 Impasse de la Gaité, 75014 Paris, France","icon":"restaurant","userComment":"Très sympa le bar en toute tranquillité ! Très bon cocktails ","tags":[{"name":"Ambiance","color":"#fb4c42"},{"name":"Amis","color":"#408fff"},{"name":"Bar","color":"#2ad93c"}]}},{"type":"Feature","geometry":{"type":"Point","coordinates":[2.2725603,48.8498866]},"properties":{"name":"Bistrot 31","address":"31 Avenue Théophile Gautier, 75016 Paris, France","icon":"restaurant","userComment":"Brasserie dans le 16. Très sympa et bon ! A tester si vous cherchez un endroit dans le coin de jasmin","tags":[{"name":"Ambiance","color":"#fb4c42"},{"name":"Authentique","color":"#855af1"},{"name":"Brasserie","color":"#0c65fd"}]}},{"type":"Feature","geometry":{"type":"Point","coordinates":[16.871668,41.1193852]},"properties":{"name":"Peppo","address":"Via Melo da Bari, 233, 70121 Bari BA, Italie","icon":"restaurant","userComment":"Super bistronomique ! Les pastas au crabe sont délicieuses ! Amateurs de pâtes et de fruits de mer, c’est pour vous ! Super desserts ! Une adresse à ne pas hésiter ","tags":[{"name":"À essayer","color":"#6edf38"},{"name":"Authentique","color":"#855af1"},{"name":"Cadre sympa","color":"#ee34af"},{"name":"Pasta","color":"#f93bdb"},{"name":"Restaurant","color":"#ff5161"},{"name":"Italien","color":"#f27b3c"},{"name":"Fruits de mer","color":"#4072d8"}]}},{"type":"Feature","geometry":{"type":"Point","coordinates":[16.8757,41.124]},"properties":{"name":"Enomezcla","address":"Lungomare Araldo di Crollalanza, 3 70121 Bari Italy","icon":"generic","userComment":"Bar à vin typique ! Vue sur mer ! Excellents vins et spritz avec un apéro à la barese ! Super apéro à tester ++ ","tags":[{"name":"Bar à vin","color":"#ea30d5"},{"name":"À essayer","color":"#6edf38"},{"name":"Ambiance","color":"#fb4c42"},{"name":"Authentique","color":"#855af1"},{"name":"Bar","color":"#2ad93c"}]}},{"type":"Feature","geometry":{"type":"Point","coordinates":[17.2367955,40.7819253]},"properties":{"name":"Martinucci Laboratory","address":"Via Monte S. Michele, 57, 70011 Alberobello BA, Italie","icon":"restaurant","userComment":"Bonnes glaces à la capitale des trulli! Superbes pâtisseries ","tags":[{"name":"À essayer","color":"#6edf38"},{"name":"Glace","color":"#49ceb7"}]}},{"type":"Feature","geometry":{"type":"Point","coordinates":[18.170966,40.35196699999999]},"properties":{"name":"IL PIZZICOTTO","address":"Via degli Ammirati, 14/D, 73100 Lecce LE, Italie","icon":"restaurant","userComment":"Pizzas bellisimassss","tags":[{"name":"À essayer","color":"#6edf38"},{"name":"Ambiance","color":"#fb4c42"},{"name":"Food truck","color":"#f30eb3"},{"name":"Italien","color":"#f27b3c"},{"name":"Specialites locales","color":"#2dadd2"},{"name":"Street food","color":"#32d7c9"}]}},{"type":"Feature","geometry":{"type":"Point","coordinates":[16.867386,41.128107]},"properties":{"name":"Gelateria Gentile","address":"Piazza Federico II di Svevia, 85, 70122 Bari, Italie","icon":"shopping","userComment":"Meilleur glacier de Bari !! Très généreux et délicieux ","tags":[{"name":"Glace","color":"#49ceb7"}]}},{"type":"Feature","geometry":{"type":"Point","coordinates":[16.8706357,41.1253345]},"properties":{"name":"Piccinni 28","address":"Via Niccolò Piccinni, 28, Bari BA 70122","icon":"restaurant","userComment":"Tres bonnes pizzas mais un peu salées ! Attention aux hypertendus ! \n\nPastas au poulpe très bonnes mais salées ++","tags":[{"name":"À essayer","color":"#6edf38"},{"name":"Ambiance","color":"#fb4c42"},{"name":"Authentique","color":"#855af1"},{"name":"Carpe diem","color":"#642fd1"},{"name":"Italien","color":"#f27b3c"},{"name":"Pizza","color":"#a2d408"},{"name":"Restaurant","color":"#ff5161"},{"name":"Pasta","color":"#f93bdb"}]}},{"type":"Feature","geometry":{"type":"Point","coordinates":[17.3037166595459,40.95295333862305]},"properties":{"name":"Bella Blu Gelateria","address":"Piazza Giuseppe Garibaldi, 7, 70043 Monopoli BA, Italie","icon":"generic","userComment":"Très bon glacier comme on les aime ! Meilleur glacier de monopoli","tags":[{"name":"À essayer","color":"#6edf38"},{"name":"Authentique","color":"#855af1"},{"name":"Glace","color":"#49ceb7"}]}},{"type":"Feature","geometry":{"type":"Point","coordinates":[17.3062201,40.9532753]},"properties":{"name":"Carloquinto Srl","address":"Via Santa Maria, 52, 70043 Monopoli BA, Italie","icon":"restaurant","userComment":"Bar adorable vue sur mer","tags":[{"name":"À essayer","color":"#6edf38"},{"name":"Bar à vin","color":"#ea30d5"},{"name":"Bar","color":"#2ad93c"}]}},{"type":"Feature","geometry":{"type":"Point","coordinates":[17.56448,40.69027]},"properties":{"name":"Azienda Agricola Aia Antica","address":"Contrada Camastra, 72017 Ostuni BR, Italie","icon":"generic","userComment":"Très bonnes pizzas et foccacia","tags":[{"name":"À essayer","color":"#6edf38"},{"name":"Ambiance","color":"#fb4c42"},{"name":"Authentique","color":"#855af1"}]}},{"type":"Feature","geometry":{"type":"Point","coordinates":[16.8664812,41.1211891]},"properties":{"name":"Urban - Cucina a Peso","address":"Via Domenico Nicolai, 10, 70122 Bari BA, Italia","icon":"restaurant","userComment":"Adresse cool et sympa ! Fancy vibes ! Plats très copieux ! Original pour les bao fusion italien","tags":[{"name":"À essayer","color":"#6edf38"},{"name":"Ambiance","color":"#fb4c42"},{"name":"Amis","color":"#408fff"},{"name":"Authentique","color":"#855af1"},{"name":"Restaurant","color":"#ff5161"},{"name":"Specialites locales","color":"#2dadd2"}]}},{"type":"Feature","geometry":{"type":"Point","coordinates":[0.69191,47.3892]},"properties":{"name":"L'Enoteca Italiana","address":"30 Rue Charles Gille, 37000 Tours, France","icon":"generic","userComment":"Resto italien type semi gastro ! Excellentes pâtes au truffe ","tags":[{"name":"À essayer","color":"#6edf38"},{"name":"Ambiance","color":"#fb4c42"},{"name":"Amis","color":"#408fff"}]}},{"type":"Feature","geometry":{"type":"Point","coordinates":[-0.1456114947795868,51.52051544189453]},"properties":{"name":"Portland Place","address":"41 Portland Pl, London, W1B 1QH, England","icon":"generic","userComment":"Boîte secrète dans un appartement londonien ! On ne peut recommander ","tags":[{"name":"À essayer","color":"#6edf38"},{"name":"Ambiance","color":"#fb4c42"}]}},{"type":"Feature","geometry":{"type":"Point","coordinates":[-0.1079776,51.5229868]},"properties":{"name":"The Piano Works - Farringdon","address":"113-117 Farringdon Road Entrance corner of, Ray St, Farringdon, Greater London EC1R 3BX, Royaume-Uni","icon":"generic","userComment":"Bar / boîte avec un groupe de musique en live : très sympa et top ","tags":[{"name":"Ambiance","color":"#fb4c42"},{"name":"Bar","color":"#2ad93c"},{"name":"Authentique","color":"#855af1"},{"name":"À essayer","color":"#6edf38"}]}},{"type":"Feature","geometry":{"type":"Point","coordinates":[-0.1224567,51.5121743]},"properties":{"name":"Ben's Cookies","address":"13A The Piazza, London WC2E 8HD, Royaume-Uni","icon":"restaurant","userComment":"Très bon cookies on adore ","tags":[{"name":"À essayer","color":"#6edf38"},{"name":"Ambiance","color":"#fb4c42"},{"name":"Excellent","color":"#a844e5"},{"name":"Fancy","color":"#0723cc"},{"name":"Gouter","color":"#485ef2"}]}},{"type":"Feature","geometry":{"type":"Point","coordinates":[-0.126171,51.51174409999999]},"properties":{"name":"Lima Floral","address":"14 Garrick St, London WC2E 9BJ, Royaume-Uni","icon":"restaurant","userComment":"Petit café très sympa avec tapas péruviens ","tags":[{"name":"À essayer","color":"#6edf38"},{"name":"Ambiance","color":"#fb4c42"},{"name":"Authentique","color":"#855af1"}]}},{"type":"Feature","geometry":{"type":"Point","coordinates":[-0.09114523418256187,51.50616169446288]},"properties":{"name":"Borough Market","address":"14 Winchester Walk London Angleterre SE1 9AG Royaume-Uni","icon":"generic","userComment":"Marche de borough tres sympa avec le fameux fish and chips ","tags":[{"name":"Ambiance","color":"#fb4c42"},{"name":"À essayer","color":"#6edf38"},{"name":"Authentique","color":"#855af1"}]}},{"type":"Feature","geometry":{"type":"Point","coordinates":[-0.1254483,51.536175]},"properties":{"name":"Dishoom","address":"5 Stable St, London N1C 4AB, Royaume-Uni","icon":"restaurant","userComment":"Restaurant indien ","tags":[{"name":"Indien","color":"#dc564e"},{"name":"Cadre sympa","color":"#ee34af"},{"name":"Ambiance","color":"#fb4c42"},{"name":"Restaurant","color":"#ff5161"}]}},{"type":"Feature","geometry":{"type":"Point","coordinates":[0.73136,51.1856]},"properties":{"name":"The Thirsty Farrier","address":"Ashford, TN27 9HA, Royaume-Uni","icon":"generic","userComment":"Bar au bord de la sauvette pour des cocktails ","tags":[{"name":"À essayer","color":"#6edf38"},{"name":"Ambiance","color":"#fb4c42"},{"name":"Bar","color":"#2ad93c"}]}},{"type":"Feature","geometry":{"type":"Point","coordinates":[-0.15715339221074912,51.49273044900209]},"properties":{"name":"Botanist On Sloane Square","address":"Public Square, Sloane Sq London Angleterre SW1W 8AQ Royaume-Uni","icon":"generic","userComment":"Petit bar en terrasse sympa","tags":[{"name":"Bar","color":"#2ad93c"},{"name":"Cadre sympa","color":"#ee34af"}]}},{"type":"Feature","geometry":{"type":"Point","coordinates":[-0.19785,51.50833799999999]},"properties":{"name":"Eggbreak","address":"30 Uxbridge St, Notting Hill, Greater London W8 7TA, Royaume-Uni","icon":"restaurant","userComment":"Très bon brunch dans le quartier de Notting Hill !! ","tags":[{"name":"À essayer","color":"#6edf38"},{"name":"Brunch","color":"#f033cb"},{"name":"Ambiance","color":"#fb4c42"},{"name":"Carpe diem","color":"#642fd1"}]}},{"type":"Feature","geometry":{"type":"Point","coordinates":[-0.1598538,51.5049912]},"properties":{"name":"Serpentine Bar & Kitchen","address":"Serpentine Road, Hyde Park, London W2 2UH, Royaume-Uni","icon":"restaurant","userComment":"Bar très sympa en plein milieu d’Hyde Park! Cadre bucolique ! Adorable ","tags":[{"name":"À essayer","color":"#6edf38"},{"name":"Ambiance","color":"#fb4c42"},{"name":"Bar","color":"#2ad93c"},{"name":"Cadre sympa","color":"#ee34af"},{"name":"Carpe diem","color":"#642fd1"}]}},{"type":"Feature","geometry":{"type":"Point","coordinates":[-0.1349777,51.5137797]},"properties":{"name":"My Place Soho","address":"21 Berwick St, London W1F 0PZ, Royaume-Uni","icon":"restaurant","userComment":"Tres good vibes et bon ! Brunch ","tags":[{"name":"À essayer","color":"#6edf38"},{"name":"Brunch","color":"#f033cb"}]}},{"type":"Feature","geometry":{"type":"Point","coordinates":[2.3233816,48.8196113]},"properties":{"name":"Farouche","address":"36 Av. Henri Ginoux, 92120 Montrouge, France","icon":"restaurant","userComment":"Très belle découverte ! Nouvelle adresse à Montrouge très sympa ! N’a que farouche de nom ! Plats raffinés et  délicieux !\nUn plaisir de voir la chef nous conseiller et d’échanger avec elle ","tags":[{"name":"À essayer","color":"#6edf38"},{"name":"Authentique","color":"#855af1"},{"name":"Viandes","color":"#cf1c02"},{"name":"Restaurant","color":"#ff5161"}]}},{"type":"Feature","geometry":{"type":"Point","coordinates":[2.3681151,48.84273880000001]},"properties":{"name":"OFF Paris Seine","address":"86 Quai d'Austerlitz, Paris 75013","icon":"lodging","userComment":"Bar sur une péniche avec superbe vue sur la Seine et piscine ! Je recommande ++ pour un verre de qualité entre jeunes cadres dynamiques ","tags":[{"name":"À essayer","color":"#6edf38"},{"name":"Ambiance","color":"#fb4c42"},{"name":"Peniche","color":"#7e4cfc"}]}},{"type":"Feature","geometry":{"type":"Point","coordinates":[2.330787,48.8766999]},"properties":{"name":"Le Vert Tulipe","address":"2 Rue de Londres, 75009 Paris, France","icon":"generic","userComment":"Bar très sympa à côté de la trinité ","tags":[{"name":"À essayer","color":"#6edf38"},{"name":"Ambiance","color":"#fb4c42"},{"name":"Amis","color":"#408fff"},{"name":"Authentique","color":"#855af1"},{"name":"Bar","color":"#2ad93c"}]}},{"type":"Feature","geometry":{"type":"Point","coordinates":[2.305011,48.8549938]},"properties":{"name":"Gatsby","address":"64 Av. Bosquet, 75007 Paris, France","icon":"bar","userComment":"Bar près des invalides et École Militaire !\nSous sol très sympa et cocktails bon ! Une adresse sympa dans le 7","tags":[{"name":"Ambiance","color":"#fb4c42"},{"name":"À essayer","color":"#6edf38"},{"name":"Amis","color":"#408fff"},{"name":"Bar","color":"#2ad93c"}]}},{"type":"Feature","geometry":{"type":"Point","coordinates":[2.3551,48.87374]},"properties":{"name":"Madina Fast Food","address":"84 Rue du Faubourg Saint-Denis, 75010 Paris, France","icon":"restaurant","userComment":"Pizzeria qui fait son job au décor sympa à Strasbourg sT Denis ! Rien d’exceptionnel mais correct","tags":[{"name":"À essayer","color":"#6edf38"},{"name":"Amis","color":"#408fff"},{"name":"Pizza","color":"#a2d408"}]}},{"type":"Feature","geometry":{"type":"Point","coordinates":[2.3492847,48.8636107]},"properties":{"name":"Le Rhinocéros","address":"17 Rue Étienne Marcel, 75001 Paris, France","icon":"restaurant","userComment":"Bar sympa près de châtelet avec Hh de 17h à 21h et très bonnes tapas ","tags":[{"name":"À essayer","color":"#6edf38"},{"name":"Ambiance","color":"#fb4c42"},{"name":"Bar","color":"#2ad93c"},{"name":"Happy hour","color":"#9526e1"}]}},{"type":"Feature","geometry":{"type":"Point","coordinates":[0.08236,49.36574]},"properties":{"name":"La Mer Paulette","address":"16 Rue des Bains, 14360 Trouville-sur-Mer, France","icon":"generic","userComment":"Restaurant de fruits de mer : très bon plats notamment les linguines de la mer ! ","tags":[{"name":"À essayer","color":"#6edf38"},{"name":"Ambiance","color":"#fb4c42"},{"name":"Cadre sympa","color":"#ee34af"},{"name":"Brasserie","color":"#0c65fd"},{"name":"Fruits de mer","color":"#4072d8"},{"name":"Moules","color":"#2d0adc"},{"name":"Restaurant","color":"#ff5161"}]}},{"type":"Feature","geometry":{"type":"Point","coordinates":[0.08184509999999998,49.3666823]},"properties":{"name":"Les Etiquettes","address":"65 Rue des Bains, 14360 Trouville-sur-Mer, France","icon":"bar","userComment":"Restaurant très sympa et avec d’excellents produits locaux et très bien cuisinés ","tags":[{"name":"À essayer","color":"#6edf38"},{"name":"Ambiance","color":"#fb4c42"},{"name":"Authentique","color":"#855af1"},{"name":"Amis","color":"#408fff"},{"name":"Bar à vin","color":"#ea30d5"},{"name":"Fancy","color":"#0723cc"},{"name":"Restaurant","color":"#ff5161"}]}},{"type":"Feature","geometry":{"type":"Point","coordinates":[0.07826385127421709,49.360338860003154]},"properties":{"name":"Sales Gosses","address":"55P Place du Marche 14800 Deauville France","icon":"generic","userComment":"Bar à cocktail donnant sur la plage du marché ","tags":[{"name":"Ambiance","color":"#fb4c42"},{"name":"Amis","color":"#408fff"},{"name":"Authentique","color":"#855af1"},{"name":"Bar","color":"#2ad93c"}]}},{"type":"Feature","geometry":{"type":"Point","coordinates":[0.08068610000000001,49.36762100000001]},"properties":{"name":"Aquarius","address":"Prom. des Planches, 14360 Trouville-sur-Mer, France","icon":"generic","userComment":"Brasserie très bonne au bord de mer avec serveurs très sympas et de bon conseil! Excellentes moules provenant de l’arrivage du matin","tags":[{"name":"À essayer","color":"#6edf38"},{"name":"Ambiance","color":"#fb4c42"}]}},{"type":"Feature","geometry":{"type":"Point","coordinates":[2.2575016,48.8373516]},"properties":{"name":"Le Cardinal","address":"5 Place de la Porte de Saint-Cloud, 75016 Paris, France","icon":"restaurant","userComment":"Brasserie typique parisienne ! Pour les amateurs de fruits de mer c’est idéal. Néanmoins coup de cœur pour le « tigre qui pleure » et les accompagnements aux morilles. Brasserie très bobo chic mais valeur sûre pour repas en famille ","tags":[{"name":"À essayer","color":"#6edf38"},{"name":"Authentique","color":"#855af1"},{"name":"Brasserie","color":"#0c65fd"},{"name":"Cadre sympa","color":"#ee34af"},{"name":"Fruits de mer","color":"#4072d8"}]}},{"type":"Feature","geometry":{"type":"Point","coordinates":[2.2848806,48.86865629999999]},"properties":{"name":"Non Solo Pizze","address":"5 rue mesnil, Paris 75016","icon":"restaurant","userComment":"Très bonnes pizzas","tags":[{"name":"À essayer","color":"#6edf38"},{"name":"Pizza","color":"#a2d408"}]}},{"type":"Feature","geometry":{"type":"Point","coordinates":[16.3669497,48.2050867]},"properties":{"name":"Palmenhaus","address":"Burggarten 1, 1010 Wien, Autriche","icon":"restaurant","userComment":"Brasserie dans l’ancien jardin botanique du palais HOFBURG! Cadre très sympa et brasserie très bonne! \n\nIdéal pour un repas ensoleillé avec un bon spritz ","tags":[{"name":"À essayer","color":"#6edf38"},{"name":"Ambiance","color":"#fb4c42"},{"name":"Authentique","color":"#855af1"},{"name":"Cadre sympa","color":"#ee34af"},{"name":"Carpe diem","color":"#642fd1"},{"name":"Cocktails","color":"#d1b524"},{"name":"Fancy","color":"#0723cc"},{"name":"Restaurant","color":"#ff5161"}]}},{"type":"Feature","geometry":{"type":"Point","coordinates":[16.388856887817383,48.216739654541016]},"properties":{"name":"Belladora E.U.","address":"Praterstraße 68, 1020 Vienne, Autriche","icon":"generic","userComment":"Resto copieux et délicieux! Très bien !\n\nResto connu et reconnu par les vegans ","tags":[{"name":"À essayer","color":"#6edf38"},{"name":"Authentique","color":"#855af1"},{"name":"Specialites locales","color":"#2dadd2"},{"name":"Restaurant","color":"#ff5161"}]}},{"type":"Feature","geometry":{"type":"Point","coordinates":[16.3654571,48.2104158]},"properties":{"name":"Café Central","address":"Herrengasse 14, 1010 Wien, Autriche","icon":"cafe","userComment":"Café à faire absolument ! Café typique de Vienne avec un chocolat viennois à goûter et un gâteau sacher succulent ","tags":[{"name":"À essayer","color":"#6edf38"},{"name":"Ambiance","color":"#fb4c42"},{"name":"Amis","color":"#408fff"},{"name":"Authentique","color":"#855af1"},{"name":"Cafe","color":"#cd3f75"},{"name":"Carpe diem","color":"#642fd1"}]}},{"type":"Feature","geometry":{"type":"Point","coordinates":[16.36096,48.2067717]},"properties":{"name":"Volksgarten","address":"Burgring 1, 1010 Wien, Autriche","icon":"bar","userComment":"Terrasse bar sur un cadre très sympa et vue sur le palais HOFBURG!","tags":[{"name":"À essayer","color":"#6edf38"},{"name":"Bar","color":"#2ad93c"},{"name":"Amis","color":"#408fff"}]}},{"type":"Feature","geometry":{"type":"Point","coordinates":[16.3822722,48.2136951]},"properties":{"name":"Ramasuri","address":"Praterstraße 19, 1020 Wien, Autriche","icon":"restaurant","userComment":"Restaurant très sympa super une petite salle ! Cuisine très healthy et Green ! Service au top","tags":[{"name":"À essayer","color":"#6edf38"},{"name":"Ambiance","color":"#fb4c42"},{"name":"Amis","color":"#408fff"},{"name":"Cadre sympa","color":"#ee34af"},{"name":"Carpe diem","color":"#642fd1"},{"name":"Fancy","color":"#0723cc"},{"name":"Green","color":"#0d5de0"}]}},{"type":"Feature","geometry":{"type":"Point","coordinates":[16.378814214855783,48.21279337634166]},"properties":{"name":"Spelunke","address":"Obere Donaustraße 101 1020 Vienne Autriche","icon":"generic","userComment":"Très bon resto fancy et qui se finit en party club","tags":[{"name":"À essayer","color":"#6edf38"},{"name":"Ambiance","color":"#fb4c42"},{"name":"Amis","color":"#408fff"},{"name":"Authentique","color":"#855af1"},{"name":"Carpe diem","color":"#642fd1"},{"name":"Cocktails","color":"#d1b524"}]}},{"type":"Feature","geometry":{"type":"Point","coordinates":[2.3475305,48.8650993]},"properties":{"name":"Le pompadour cocktail club","address":"16 Rue Marie Stuart, 75002 Paris, France","icon":"generic","userComment":"Bar à cocktail à côté de montorgueil ! Cadre sympa mais pas le meilleur bar à covktail","tags":[{"name":"À essayer","color":"#6edf38"},{"name":"Ambiance","color":"#fb4c42"},{"name":"Amis","color":"#408fff"},{"name":"Bar","color":"#2ad93c"},{"name":"Cadre sympa","color":"#ee34af"},{"name":"Carpe diem","color":"#642fd1"},{"name":"Cocktails","color":"#d1b524"}]}},{"type":"Feature","geometry":{"type":"Point","coordinates":[4.831610202789307,45.77293014526367]},"properties":{"name":"Barabaar","address":"26 Rue Jean-Baptiste Say 69001 Lyon France","icon":"generic","userComment":"Bar avec très belle vue Croix rousse ! Accompagnée d’un Concept store ","tags":[{"name":"Ambiance","color":"#fb4c42"},{"name":"À essayer","color":"#6edf38"},{"name":"Amis","color":"#408fff"},{"name":"Bar","color":"#2ad93c"},{"name":"Carpe diem","color":"#642fd1"}]}},{"type":"Feature","geometry":{"type":"Point","coordinates":[4.8285708,45.7682971]},"properties":{"name":"Le Potager des Halles","address":"3 Rue de la Martinière, 69001 Lyon, France","icon":"restaurant","userComment":"Brunch à conseiller après une balade croix rousse ! Buffet à volonté avec cote de bœuf et araignée ! Excellente adresse ! 32 euros le brunch à volonté ! \n\nTrès copieux et produits locaux ","tags":[{"name":"À essayer","color":"#6edf38"},{"name":"Ambiance","color":"#fb4c42"},{"name":"Authentique","color":"#855af1"},{"name":"Amis","color":"#408fff"},{"name":"Cadre sympa","color":"#ee34af"},{"name":"Carpe diem","color":"#642fd1"},{"name":"Brunch","color":"#f033cb"}]}},{"type":"Feature","geometry":{"type":"Point","coordinates":[4.8377061,45.76437170000001]},"properties":{"name":"Le Bouchon des Cordeliers","address":"15 Rue Claudia, 69002 Lyon, France","icon":"restaurant","userComment":"Typique bouchon lyonnais ! Ambiance très chaleureuse ","tags":[{"name":"À essayer","color":"#6edf38"},{"name":"Ambiance","color":"#fb4c42"},{"name":"Amis","color":"#408fff"},{"name":"French cook","color":"#2183f6"},{"name":"Restaurant","color":"#ff5161"},{"name":"Poisson","color":"#f61c82"},{"name":"Specialites locales","color":"#2dadd2"}]}},{"type":"Feature","geometry":{"type":"Point","coordinates":[4.8363113,45.7652008]},"properties":{"name":"Vivants","address":"26 Rue Neuve, 69002 Lyon, France","icon":"generic","userComment":"Très bonne adresse ! Spécialiste des GIN, vins et bières ! Le gin to est maison c est amazing ! Je recommande \n\nLes gnocchis du papa sont délicieux ","tags":[{"name":"Ambiance","color":"#fb4c42"},{"name":"À essayer","color":"#6edf38"},{"name":"Amis","color":"#408fff"},{"name":"Authentique","color":"#855af1"},{"name":"Bar","color":"#2ad93c"},{"name":"Bar à vin","color":"#ea30d5"}]}},{"type":"Feature","geometry":{"type":"Point","coordinates":[4.832528591156006,45.75444412231445]},"properties":{"name":"Maison Antoine (Ainay)","address":"7 Rue de la Charité, 69002 Lyon, France","icon":"generic","userComment":"Excellente boulangerie et salon de thé très bobo parisien! Un délice ","tags":[{"name":"À essayer","color":"#6edf38"},{"name":"Ambiance","color":"#fb4c42"},{"name":"Amis","color":"#408fff"},{"name":"Authentique","color":"#855af1"},{"name":"Boulangerie","color":"#dc2efd"}]}},{"type":"Feature","geometry":{"type":"Point","coordinates":[4.832934379577637,45.76211929321289]},"properties":{"name":"Les Infideles","address":"Rue de Brest 69002 Lyon France","icon":"restaurant","userComment":"Excellent resto en plein cœur du vieux Lyon ","tags":[{"name":"À essayer","color":"#6edf38"},{"name":"Ambiance","color":"#fb4c42"},{"name":"Authentique","color":"#855af1"},{"name":"Carpe diem","color":"#642fd1"},{"name":"Cocktails","color":"#d1b524"},{"name":"Excellent","color":"#a844e5"},{"name":"French cook","color":"#2183f6"},{"name":"Restaurant","color":"#ff5161"}]}},{"type":"Feature","geometry":{"type":"Point","coordinates":[4.8559252,45.7594041]},"properties":{"name":"Modjo Lyon Part-Dieu","address":"152 Rue Dr Bouchut Lyon 69003","icon":"bar","userComment":"Excellent espace café coworking à côté de la gare ","tags":[{"name":"À essayer","color":"#6edf38"},{"name":"Ambiance","color":"#fb4c42"},{"name":"Coworking","color":"#af0ecc"},{"name":"Cadre sympa","color":"#ee34af"},{"name":"Carpe diem","color":"#642fd1"}]}},{"type":"Feature","geometry":{"type":"Point","coordinates":[4.35606,50.83983]},"properties":{"name":"Aux P’tits Oignons","address":"Rue de la Régence, 1000 Bruxelles, Belgique, 1000 Bruxelles, Belgique","icon":"generic","userComment":"Excellent restaurant belge ! Un délice gustatif / quartier des sablons ","tags":[{"name":"Ambiance","color":"#fb4c42"},{"name":"À essayer","color":"#6edf38"},{"name":"Authentique","color":"#855af1"},{"name":"Carpe diem","color":"#642fd1"},{"name":"Cadre sympa","color":"#ee34af"},{"name":"Excellent","color":"#a844e5"},{"name":"Restaurant","color":"#ff5161"},{"name":"Specialites locales","color":"#2dadd2"}]}},{"type":"Feature","geometry":{"type":"Point","coordinates":[4.353673399999999,50.83950979999999]},"properties":{"name":"Le Perroquet","address":"Rue Watteeu 31, 1000 Bruxelles, Belgique","icon":"restaurant","userComment":"Café art nouveau sympa ","tags":[{"name":"Cafe","color":"#cd3f75"}]}},{"type":"Feature","geometry":{"type":"Point","coordinates":[3.7225303649902344,51.055992126464844]},"properties":{"name":"Juffrouw Strik","address":"GroentenMarkt 19 Ghent Belgium","icon":"generic","userComment":"Très bon ","tags":[{"name":"Cadre sympa","color":"#ee34af"},{"name":"Carpe diem","color":"#642fd1"},{"name":"Gaufre","color":"#27d198"},{"name":"Glace","color":"#49ceb7"},{"name":"Gouter","color":"#485ef2"},{"name":"Salon de the","color":"#b643d7"}]}},{"type":"Feature","geometry":{"type":"Point","coordinates":[3.7201847,51.0523118]},"properties":{"name":"Balls & Glory","address":"Jakobijnenstraat 6, 9000 Gent, Belgique","icon":"restaurant","userComment":"Boulettes de viandes typiques belges ! Très bon ","tags":[{"name":"À essayer","color":"#6edf38"},{"name":"Authentique","color":"#855af1"}]}},{"type":"Feature","geometry":{"type":"Point","coordinates":[4.3500102,50.8447359]},"properties":{"name":"Poechenellekelder","address":"Rue du Chêne, 5, 1000 Brussel, Belgique","icon":"bar","userComment":"Bar typique avec d’excellentes bières ! Décor atypique on valide","tags":[{"name":"Bar","color":"#2ad93c"},{"name":"Authentique","color":"#855af1"},{"name":"Amis","color":"#408fff"}]}},{"type":"Feature","geometry":{"type":"Point","coordinates":[4.355281312022689,50.84801373542365]},"properties":{"name":"Maison Dandoy","address":"Galerie du Roi 1–7 1000 Bruxelles/Brussel Belgique","icon":"generic","userComment":"Salon de thé typique ! \nTips: prendre gaufre de liege ","tags":[{"name":"Gouter","color":"#485ef2"},{"name":"Gaufre","color":"#27d198"}]}},{"type":"Feature","geometry":{"type":"Point","coordinates":[2.3461087,48.8674228]},"properties":{"name":"La Noceria","address":"58 Rue d'Aboukir, Paris 75002","icon":"restaurant","userComment":"Bar à tapas espagnol ","tags":[{"name":"À essayer","color":"#6edf38"},{"name":"Ambiance","color":"#fb4c42"},{"name":"Tapas","color":"#cc4638"}]}},{"type":"Feature","geometry":{"type":"Point","coordinates":[1.2542455,45.8314384]},"properties":{"name":"Le Bistrot Gourmand","address":"5 Place Winston Churchill, 87000 Limoges, France","icon":"restaurant","userComment":"Cuisine typique française ! Plats très copieux  et délicieux ","tags":[{"name":"À essayer","color":"#6edf38"},{"name":"Ambiance","color":"#fb4c42"},{"name":"Amis","color":"#408fff"},{"name":"Authentique","color":"#855af1"},{"name":"Viandes","color":"#cf1c02"}]}},{"type":"Feature","geometry":{"type":"Point","coordinates":[9.177476899999998,45.4660888]},"properties":{"name":"Il Massimo del Gelato","address":"Corso Magenta, 28, 20121 Milano, Italie","icon":"shopping","userComment":"Excellentes glaces","tags":[{"name":"À essayer","color":"#6edf38"},{"name":"Authentique","color":"#855af1"},{"name":"Glace","color":"#49ceb7"}]}},{"type":"Feature","geometry":{"type":"Point","coordinates":[9.190228699999999,45.46544189999999]},"properties":{"name":"Marchesi 1824","address":"Galleria Vittorio Emanuele II, Milano MI 20121","icon":"restaurant","userComment":"Pâtisserie historique de milan dans la galerie vittorio Emanuel’s II! Salon de thé idéal pour le goût ! Excellentes pâtisseries ! A y aller sans hésiter ! Idéal pour prendre une pause après les visites ","tags":[{"name":"À essayer","color":"#6edf38"},{"name":"Ambiance","color":"#fb4c42"},{"name":"Authentique","color":"#855af1"},{"name":"Gateaux","color":"#d2ae46"},{"name":"Glace","color":"#49ceb7"},{"name":"Gouter","color":"#485ef2"},{"name":"Salon de the","color":"#b643d7"}]}},{"type":"Feature","geometry":{"type":"Point","coordinates":[9.175862604760729,45.452783284751185]},"properties":{"name":"Caffe Napoli","address":"Via Vigevano 1–19 20144 Milan Lombardie Italie","icon":"generic","userComment":"Petit déjeuner typique italien ! Très chaleureux et bon","tags":[{"name":"Cafe","color":"#cd3f75"},{"name":"Authentique","color":"#855af1"},{"name":"Petit dej","color":"#a82ef5"}]}},{"type":"Feature","geometry":{"type":"Point","coordinates":[9.1721558,45.452828]},"properties":{"name":"Pizzium - Via Vigevano","address":"Via Vigevano, 33, 20144 Milano MI, Italie","icon":"restaurant","userComment":"Temple de la pizza ! Très bon et pas cher ! Spritz à 6 euros excellent (meilleure que la terrasse apérol)","tags":[{"name":"À essayer","color":"#6edf38"},{"name":"Ambiance","color":"#fb4c42"},{"name":"Amis","color":"#408fff"},{"name":"Authentique","color":"#855af1"},{"name":"Pizza","color":"#a2d408"},{"name":"Pas cher","color":"#0add54"},{"name":"Pizza pas chere et top","color":"#3b3bd7"}]}},{"type":"Feature","geometry":{"type":"Point","coordinates":[9.284691899999999,46.0093057]},"properties":{"name":"Hotel Villa Cipressi","address":"Via 4 Novembre, 22, 23829 Varenna LC, Italie","icon":"lodging","userComment":"Magnifique vue sur le lac de Côme ! Hôtel 4*! Cocktails délicieux à 18 euros ! Jardin botanique sublime ! A faire de passage à Varennes ","tags":[{"name":"À essayer","color":"#6edf38"},{"name":"Ambiance","color":"#fb4c42"},{"name":"Amis","color":"#408fff"},{"name":"Authentique","color":"#855af1"},{"name":"Bar","color":"#2ad93c"},{"name":"Cocktails","color":"#d1b524"},{"name":"Vue panoramique","color":"#57aef5"},{"name":"Vue mer","color":"#d2b251"}]}},{"type":"Feature","geometry":{"type":"Point","coordinates":[9.190234272770065,45.4644194340673]},"properties":{"name":"Terrazza Aperol","address":"Piazza del Duomo 20123 Milan Lombardie Italie","icon":"generic","userComment":"Le temple du spritz! Un délice ! Vue imprenable sur le duomo","tags":[{"name":"Ambiance","color":"#fb4c42"},{"name":"À essayer","color":"#6edf38"},{"name":"Amis","color":"#408fff"},{"name":"Authentique","color":"#855af1"},{"name":"Bar","color":"#2ad93c"}]}},{"type":"Feature","geometry":{"type":"Point","coordinates":[9.175292299999999,45.4520752]},"properties":{"name":"GinO12","address":"Alzaia Naviglio Grande, 12, 20144 Milano, Italie","icon":"bar","userComment":"La plus petite distillerie de gin au monde ! Distillerie du gin sous vos yeux ! A tester !\nDans le quartier de naviglio","tags":[{"name":"Gin to pas cher","color":"#37cd5d"},{"name":"Amis","color":"#408fff"},{"name":"Authentique","color":"#855af1"},{"name":"Bar","color":"#2ad93c"}]}},{"type":"Feature","geometry":{"type":"Point","coordinates":[9.20697752580268,45.48225633766008]},"properties":{"name":"La Cresciamia","address":"Via Vitruvio 32 20124 Milan Lombardie Italie","icon":"generic","userComment":"Paninis très bons ! A 5 min de la gare centrale menant à l aéroport ! Idéal pour manger en sortant de l’aéroport ! Paninis typiques avec spécialités locales italiennes ! ","tags":[{"name":"Ambiance","color":"#fb4c42"},{"name":"À essayer","color":"#6edf38"},{"name":"Authentique","color":"#855af1"},{"name":"Sandwich","color":"#d60737"},{"name":"Pas cher","color":"#0add54"},{"name":"Specialites locales","color":"#2dadd2"}]}},{"type":"Feature","geometry":{"type":"Point","coordinates":[2.34294,48.87072]},"properties":{"name":"Les Causeurs","address":"170 Rue Montmartre, 75002 Paris, France","icon":"generic","userComment":"Bar à Grands Boulevards : simpleefficace et cadre sympa\n","tags":[{"name":"À essayer","color":"#6edf38"},{"name":"Ambiance","color":"#fb4c42"},{"name":"Amis","color":"#408fff"},{"name":"Bar","color":"#2ad93c"}]}},{"type":"Feature","geometry":{"type":"Point","coordinates":[2.343062162399292,48.87239456176758]},"properties":{"name":"BRASSERIE ALESTI","address":"13 Rue du Faubourg Montmartre, Paris 75009","icon":"generic","userComment":"Brasserie à côté de Grands Boulevards avec un décor très sympa ! Produits de circuit court !\n\nBonne adresse mais ne pas avoir un appétit d’ogre","tags":[{"name":"Ambiance","color":"#fb4c42"},{"name":"À essayer","color":"#6edf38"},{"name":"Amis","color":"#408fff"},{"name":"Authentique","color":"#855af1"},{"name":"French cook","color":"#2183f6"},{"name":"Restaurant","color":"#ff5161"},{"name":"Viandes","color":"#cf1c02"},{"name":"Wine","color":"#5412d1"}]}},{"type":"Feature","geometry":{"type":"Point","coordinates":[2.3395589,48.8506745]},"properties":{"name":"Luisa Maria","address":"12 Rue Monsieur le Prince, 75006 Paris, France","icon":"restaurant","userComment":"Très bon italien à Odeon ! Très sympa\nEt ambiance à l’italienne ","tags":[{"name":"À essayer","color":"#6edf38"},{"name":"Ambiance","color":"#fb4c42"},{"name":"Amis","color":"#408fff"},{"name":"Authentique","color":"#855af1"},{"name":"Carpe diem","color":"#642fd1"},{"name":"Restaurant","color":"#ff5161"},{"name":"Pizza","color":"#a2d408"},{"name":"Excellent","color":"#a844e5"},{"name":"Cocktails","color":"#d1b524"},{"name":"Italien","color":"#f27b3c"}]}},{"type":"Feature","geometry":{"type":"Point","coordinates":[2.3382773,48.8556968]},"properties":{"name":"L'Arbane - Cocktail Club","address":"10 Rue Guénégaud, 75006 Paris, France","icon":"bar","userComment":"Bar à cocktails à Mabillon ! Très bon cocktail et cadre cosy et tamisé \n\nTips : tous les cocktails à 10 euros jusqu à 20h","tags":[{"name":"À essayer","color":"#6edf38"},{"name":"Amis","color":"#408fff"},{"name":"Carpe diem","color":"#642fd1"},{"name":"Cocktails","color":"#d1b524"},{"name":"Champagne bar","color":"#d01bab"}]}},{"type":"Feature","geometry":{"type":"Point","coordinates":[2.3415895,48.8506579]},"properties":{"name":"Vita Ristorante","address":"9 Rue de l'École de Médecine, 75006 Paris, France","icon":"restaurant","userComment":"Tres bon italien à Odeon avec un très beau cadre et super ambiance avec un pianiste ! Pâtes à la truffes incroyables ! Je recommande pour une petit occasion sympathique \n\nPetit bémol service expéditif ","tags":[{"name":"À essayer","color":"#6edf38"},{"name":"Ambiance","color":"#fb4c42"},{"name":"Cadre sympa","color":"#ee34af"},{"name":"Authentique","color":"#855af1"},{"name":"Cocktails","color":"#d1b524"},{"name":"Excellent","color":"#a844e5"},{"name":"Italien","color":"#f27b3c"},{"name":"Pizza","color":"#a2d408"},{"name":"Pates àla truffe","color":"#3316dc"},{"name":"Restaurant","color":"#ff5161"}]}},{"type":"Feature","geometry":{"type":"Point","coordinates":[0.6800765999999999,47.3943167]},"properties":{"name":"DAGOBERT","address":"31 Rue du Grand Marché, 37000 Tours, France","icon":"restaurant","userComment":"Très bon resto de plats typiques ","tags":[{"name":"À essayer","color":"#6edf38"},{"name":"Ambiance","color":"#fb4c42"},{"name":"Amis","color":"#408fff"},{"name":"Authentique","color":"#855af1"},{"name":"Carpe diem","color":"#642fd1"},{"name":"Cocktails","color":"#d1b524"},{"name":"French cook","color":"#d63f11"},{"name":"Restaurant","color":"#ff5161"},{"name":"Viandes","color":"#cf1c02"}]}},{"type":"Feature","geometry":{"type":"Point","coordinates":[2.2392609119415283,48.836708068847656]},"properties":{"name":"Lobsta - les Passages","address":"5 Rue Tony Garnier, 92100 Boulogne-Billancourt, France","icon":"generic","userComment":"Street food lobster ! Tres bon et copieux ! Lobster rolls et crevettes roll un délice ! ","tags":[{"name":"À essayer","color":"#6edf38"},{"name":"Lobster","color":"#e61f4d"},{"name":"Street food","color":"#32d7c9"},{"name":"Poisson","color":"#f61c82"}]}},{"type":"Feature","geometry":{"type":"Point","coordinates":[2.29062,48.84208]},"properties":{"name":"Traiteur Zing Lai Lai","address":"147 Avenue Félix Faure 75015 Paris France","icon":"generic","userComment":"Bon italien ! Service par des italiens ","tags":[{"name":"À essayer","color":"#6edf38"},{"name":"Ambiance","color":"#fb4c42"},{"name":"Amis","color":"#408fff"},{"name":"Authentique","color":"#855af1"},{"name":"Carpe diem","color":"#642fd1"},{"name":"Cocktails","color":"#d1b524"},{"name":"Italien","color":"#f27b3c"},{"name":"Pates àla truffe","color":"#3316dc"},{"name":"Pizza","color":"#a2d408"},{"name":"Restaurant","color":"#ff5161"}]}},{"type":"Feature","geometry":{"type":"Point","coordinates":[0.2328081000000001,49.4214461]},"properties":{"name":"La Cidrerie","address":"26 Place Hamelin, 14600 Honfleur, France","icon":"shopping","userComment":"Crêperie typique au cœur d’Honfleur ! Très bonnes crêpes ! Accueil simple et chaleureux ! Tout est fait maison et produits locaux ! Très bien ","tags":[{"name":"Cadre sympa","color":"#ee34af"},{"name":"À essayer","color":"#6edf38"},{"name":"Ambiance","color":"#fb4c42"},{"name":"Amis","color":"#408fff"},{"name":"Authentique","color":"#855af1"},{"name":"Crepes","color":"#f45fee"},{"name":"Creperie","color":"#ed261a"},{"name":"Restaurant","color":"#ff5161"}]}},{"type":"Feature","geometry":{"type":"Point","coordinates":[0.0773,49.3599]},"properties":{"name":"LE HIBOUVILLE - DEAUVILLE","address":"12 Pl. de Morny, 14800 Deauville, France","icon":"restaurant","userComment":"Bar classique sur la place du marché de Deauville ! ","tags":[{"name":"Bar","color":"#2ad93c"},{"name":"Authentique","color":"#855af1"},{"name":"Carpe diem","color":"#642fd1"}]}},{"type":"Feature","geometry":{"type":"Point","coordinates":[0.0767144,49.3663219]},"properties":{"name":"Cabane Perchée","address":"Boulevard de la Cahotte, 14360 Trouville-sur-Mer, France","icon":"restaurant","userComment":"Cadre très sympa et brunch très bon et très complet ! \n\nTrès belle vue mer\n\nAttention dimanche midi uniquement formule brunch","tags":[{"name":"À essayer","color":"#6edf38"},{"name":"Ambiance","color":"#fb4c42"},{"name":"Amis","color":"#408fff"},{"name":"Brunch","color":"#f033cb"},{"name":"Cadre sympa","color":"#ee34af"},{"name":"Cocktails","color":"#d1b524"},{"name":"Vue panoramique","color":"#57aef5"},{"name":"Vue mer","color":"#d2b251"},{"name":"Rooftop","color":"#40b4fb"}]}},{"type":"Feature","geometry":{"type":"Point","coordinates":[0.23228956577052864,49.42060597101457]},"properties":{"name":"Salon De The Hotel Dauphin","address":"12 Place Pierre Berthelot 14600 Honfleur France","icon":"generic","userComment":"Salon de thé très sympa avec crêpes maison et chocolat chaud sympa ","tags":[{"name":"À essayer","color":"#6edf38"},{"name":"Amis","color":"#408fff"},{"name":"Ambiance","color":"#fb4c42"},{"name":"Creperie","color":"#ed261a"},{"name":"Gateaux","color":"#d2ae46"},{"name":"Gouter","color":"#485ef2"}]}},{"type":"Feature","geometry":{"type":"Point","coordinates":[2.35354,48.87302]},"properties":{"name":"Cavale","address":"40 R. des Petites Écuries, 75010 Paris, France","icon":"restaurant","userComment":"Si vous connaissez/ aimez poni, foncez ! Très bonne adresse avec pas mal de place et même carte que poni ","tags":[{"name":"À essayer","color":"#6edf38"},{"name":"Ambiance","color":"#fb4c42"},{"name":"Amis","color":"#408fff"},{"name":"Authentique","color":"#855af1"},{"name":"Carpe diem","color":"#642fd1"},{"name":"Cocktails","color":"#d1b524"},{"name":"Restaurant","color":"#ff5161"},{"name":"Viandes","color":"#cf1c02"},{"name":"Poisson","color":"#f61c82"}]}},{"type":"Feature","geometry":{"type":"Point","coordinates":[2.292312,48.829304]},"properties":{"name":"Mama Rooftop Paris West","address":"Avenue De La Porte De La Plaine, Paris 75015","icon":"lodging","userComment":"Rooftop à côté du parc des expo ( Porte de Versailles) \n\nRooftop un peu décevant mais cocktails très bons ","tags":[{"name":"Rooftop","color":"#40b4fb"},{"name":"Tapas","color":"#cc4638"},{"name":"Restaurant","color":"#ff5161"},{"name":"Bar","color":"#2ad93c"},{"name":"Carpe diem","color":"#642fd1"},{"name":"Cocktails","color":"#d1b524"}]}},{"type":"Feature","geometry":{"type":"Point","coordinates":[2.2920756,48.8316072]},"properties":{"name":"El Chalan","address":"6 Rue Lefebvre, 75015 Paris, France","icon":"restaurant","userComment":"Authentique restaurant péruvien ! Service très agréable et mets copieux ! C est bon\n\nSeul bémol: l’emplacement du resto un peu excentré","tags":[{"name":"Péruvien","color":"#fa2760"},{"name":"Ambiance","color":"#fb4c42"},{"name":"Authentique","color":"#855af1"},{"name":"Restaurant","color":"#ff5161"}]}},{"type":"Feature","geometry":{"type":"Point","coordinates":[2.3240466,48.8411338]},"properties":{"name":"Amour ","address":"17 Boulevard Edgar Quinet, 75014 Paris, France","icon":"generic","userComment":"Bar très sympa sous le thème de l’amour ! Sympa pour un verre entre amis ! HH jusqu à 20 h ","tags":[{"name":"Cocktails","color":"#d1b524"},{"name":"Carpe diem","color":"#642fd1"}]}},{"type":"Feature","geometry":{"type":"Point","coordinates":[2.3549859523773193,48.85842514038086]},"properties":{"name":"PANOZZI MARAIS","address":"17 Rue des Archives, 75004 Paris, France","icon":"restaurant","userComment":"Street food sicilienne ! Le champion du monde du panini pizza ! Très sympa et rapide efficace ","tags":[{"name":"À essayer","color":"#6edf38"},{"name":"Amis","color":"#408fff"},{"name":"Authentique","color":"#855af1"},{"name":"Pizza","color":"#a2d408"},{"name":"Street food","color":"#32d7c9"}]}},{"type":"Feature","geometry":{"type":"Point","coordinates":[2.3190082,48.84470349999999]},"properties":{"name":"Restaurant IDA","address":"117 Rue de Vaugirard, 75015 Paris, France","icon":"restaurant","userComment":"Restaurant italien très sympa avec 2 menus : un signature et un du chef ( menu à l’aveugle)\n\nCarbonara et carpuccino ida à tester ++ ","tags":[{"name":"À essayer","color":"#6edf38"},{"name":"Ambiance","color":"#fb4c42"},{"name":"Carpe diem","color":"#642fd1"},{"name":"Cocktails","color":"#d1b524"},{"name":"Pates àla truffe","color":"#3316dc"},{"name":"Restaurant","color":"#ff5161"}]}},{"type":"Feature","geometry":{"type":"Point","coordinates":[2.2875112,48.8487968]},"properties":{"name":"Crêperie Contemporaine 142","address":"59 Rue St Charles, 75015 Paris, France","icon":"restaurant","userComment":"Tres bonne crêperie à prix abordables ! ","tags":[{"name":"À essayer","color":"#6edf38"},{"name":"Amis","color":"#408fff"},{"name":"Authentique","color":"#855af1"},{"name":"Creperie","color":"#ed261a"},{"name":"Crepes","color":"#f45fee"}]}},{"type":"Feature","geometry":{"type":"Point","coordinates":[2.2487137,48.8320512]},"properties":{"name":"Pousse Café","address":"48 Rue Barthelemy Danjou, 92100 Boulogne-Billancourt, France","icon":"restaurant","userComment":"Bistrot typique et très bon ! A la bonne franquette et un service très sympa ! Une bonne adresse pour un repas de bistrot français ! ","tags":[{"name":"Amis","color":"#408fff"},{"name":"Ambiance","color":"#fb4c42"},{"name":"À essayer","color":"#6edf38"},{"name":"Authentique","color":"#855af1"},{"name":"Carpe diem","color":"#642fd1"},{"name":"Cafe","color":"#cd3f75"},{"name":"Restaurant","color":"#ff5161"}]}},{"type":"Feature","geometry":{"type":"Point","coordinates":[2.325568,48.8419401]},"properties":{"name":"Le Petit Josselin","address":"59 Rue du Montparnasse, 75014 Paris, France","icon":"shopping","userComment":"Très bonne crêperie à Montparnasse! Valeur sure et réconfortante \n\nPas de réservation possible : venir tôt et être patient ","tags":[{"name":"À essayer","color":"#6edf38"},{"name":"Carpe diem","color":"#642fd1"},{"name":"Authentique","color":"#855af1"},{"name":"Restaurant","color":"#ff5161"},{"name":"Pas cher","color":"#0add54"},{"name":"Creperie","color":"#ed261a"},{"name":"Crepes","color":"#f45fee"}]}},{"type":"Feature","geometry":{"type":"Point","coordinates":[2.3040272,48.8330673]},"properties":{"name":"Ristorante Italiano da Pupetta","address":"55 Rue Brancion, 75015 Paris, France","icon":"restaurant","userComment":"Très bon resto italien avec des produits  italiens et un chef amoureux de sa cuisine ! Un vrai bon moment ","tags":[{"name":"À essayer","color":"#6edf38"},{"name":"Ambiance","color":"#fb4c42"},{"name":"Amis","color":"#408fff"},{"name":"Authentique","color":"#855af1"},{"name":"Restaurant","color":"#ff5161"},{"name":"Italien","color":"#f27b3c"}]}},{"type":"Feature","geometry":{"type":"Point","coordinates":[2.3519853,48.8680791]},"properties":{"name":"Brasserie Dubillot","address":"222 Rue Saint-Denis, Paris 75002","icon":"restaurant","userComment":"Très bonne brasserie avec son décor très charmant ! A tester \n\nPetit bonus à la fin : petits shooters à la fin 😜","tags":[{"name":"À essayer","color":"#6edf38"},{"name":"Ambiance","color":"#fb4c42"},{"name":"Amis","color":"#408fff"},{"name":"Authentique","color":"#855af1"},{"name":"Carpe diem","color":"#642fd1"},{"name":"Cadre sympa","color":"#ee34af"},{"name":"Viandes","color":"#cf1c02"},{"name":"Tres bon gin to","color":"#2164d0"}]}},{"type":"Feature","geometry":{"type":"Point","coordinates":[2.344256,48.8605904]},"properties":{"name":"Odette L'Auberge Urbaine","address":"23/25 Rue du Pont Neuf, 75001 Paris, France","icon":"restaurant","userComment":"Très belle découverte de ce restaurant : excellents apéritifs et amuse bouches ! Service très attentionné et gentil ! Je ne peux que recommander ! \n\nCarte simple mais produits de qualité et raffinés ! \nCarte de plats français dans un décor tendance.  \nCoup de coeur pour le filet de bœuf et son jus de viande 😍","tags":[{"name":"À essayer","color":"#6edf38"},{"name":"Ambiance","color":"#fb4c42"},{"name":"Amis","color":"#408fff"},{"name":"Cocktails","color":"#d1b524"},{"name":"Carpe diem","color":"#642fd1"},{"name":"Restaurant","color":"#ff5161"},{"name":"Viandes","color":"#cf1c02"},{"name":"Wine","color":"#5412d1"},{"name":"French cook","color":"#2183f6"},{"name":"French cook","color":"#d63f11"}]}},{"type":"Feature","geometry":{"type":"Point","coordinates":[2.3471916,48.8513131]},"properties":{"name":"Aux Émotions","address":"1 Rue Dante, 75005 Paris, France","icon":"bar","userComment":"Bar avec bon cocktails ! \n\nAmbiance sympa car salle au fond avec décor sympa réservable ","tags":[{"name":"À essayer","color":"#6edf38"},{"name":"Ambiance","color":"#fb4c42"},{"name":"Amis","color":"#408fff"},{"name":"Bar","color":"#2ad93c"},{"name":"Cocktails","color":"#d1b524"}]}},{"type":"Feature","geometry":{"type":"Point","coordinates":[4.8387827,45.7494468]},"properties":{"name":"Le Commerce Lyon","address":"53 Rue de Marseille, 69007 Lyon, France","icon":"restaurant","userComment":"Bar avec DJ très sympa ","tags":[{"name":"Cadre sympa","color":"#ee34af"},{"name":"Cafe","color":"#cd3f75"},{"name":"Authentique","color":"#855af1"},{"name":"Bar","color":"#2ad93c"}]}},{"type":"Feature","geometry":{"type":"Point","coordinates":[4.836016099999999,45.7693778]},"properties":{"name":"Le Perko Café","address":"8 Place du Griffon, 69001 Lyon, France","icon":"cafe","userComment":"Très beau café ! Cadre sympa ","tags":[{"name":"À essayer","color":"#6edf38"},{"name":"Amis","color":"#408fff"},{"name":"Authentique","color":"#855af1"},{"name":"Cafe","color":"#cd3f75"},{"name":"Cadre sympa","color":"#ee34af"}]}},{"type":"Feature","geometry":{"type":"Point","coordinates":[4.833796700000001,45.7423653]},"properties":{"name":"La Commune","address":"3 Rue Pré-Gaudry, 69007 Lyon, France","icon":"restaurant","userComment":"Type félicita version Lyon ","tags":[{"name":"À essayer","color":"#6edf38"},{"name":"Ambiance","color":"#fb4c42"},{"name":"Amis","color":"#408fff"}]}},{"type":"Feature","geometry":{"type":"Point","coordinates":[4.827896099999998,45.76271979999999]},"properties":{"name":"Boutique Pralus Lyon St Jean","address":"27 Rue Saint-Jean, 69005 Lyon, France","icon":"restaurant","userComment":"Praluline à tester impérativement","tags":[{"name":"À essayer","color":"#6edf38"},{"name":"Specialites locales","color":"#2dadd2"}]}},{"type":"Feature","geometry":{"type":"Point","coordinates":[4.832444799999999,45.7671416]},"properties":{"name":"Ikône - Bar à Chocolat & EveryDay Brunch","address":"13 Rue Constantine, 69001 Lyon, France","icon":"restaurant","userComment":"Crêpes excellentes !  Bon café ( qui fait aussi brunch)\nSans réservation possible ","tags":[{"name":"À essayer","color":"#6edf38"},{"name":"Cafe","color":"#cd3f75"}]}},{"type":"Feature","geometry":{"type":"Point","coordinates":[4.847165,45.762213]},"properties":{"name":"Daniel et Denise","address":"156 Rue de Crèqui, 69003 Lyon, France","icon":"restaurant","userComment":"Bouchon lyonnais très bon ! Je recommande ++ la volaille\n\nGros coup de coeur le gratin de macaroni","tags":[{"name":"Ambiance","color":"#fb4c42"},{"name":"Carpe diem","color":"#642fd1"},{"name":"Cadre sympa","color":"#ee34af"},{"name":"Restaurant","color":"#ff5161"}]}},{"type":"Feature","geometry":{"type":"Point","coordinates":[2.3369826,48.87687289999999]},"properties":{"name":"Poni","address":"24 Rue Saint-Lazare, 75009 Paris, France","icon":"generic","userComment":"Resto bistrot bon et très sympa ! Brasserie moderne : Personnel au top ! Je recommande ! Carte large et tres sympa ! Copieux et délicieux \n\nBavette ++ ","tags":[{"name":"À essayer","color":"#6edf38"},{"name":"Authentique","color":"#855af1"},{"name":"Cadre sympa","color":"#ee34af"},{"name":"Restaurant","color":"#ff5161"}]}},{"type":"Feature","geometry":{"type":"Point","coordinates":[4.090014500000001,43.5595886]},"properties":{"name":"Le Floride","address":"52 Allée des Jardins, 34280 La Grande-Motte, France","icon":"cafe","userComment":"Très belle vue sur le port ","tags":[{"name":"À essayer","color":"#6edf38"},{"name":"Ambiance","color":"#fb4c42"},{"name":"Amis","color":"#408fff"}]}},{"type":"Feature","geometry":{"type":"Point","coordinates":[-9.141290999999999,38.712904]},"properties":{"name":"Duque da Rua","address":"R. do Duque 23, 1200-158 Lisboa, Portugal","icon":"restaurant","userComment":"Très bonne adresse très copieuse et pas chère ! A tester les yeux fermés ! ","tags":[{"name":"À essayer","color":"#6edf38"},{"name":"Ambiance","color":"#fb4c42"},{"name":"Amis","color":"#408fff"},{"name":"Authentique","color":"#855af1"},{"name":"Tapas","color":"#cc4638"},{"name":"Specialites locales","color":"#2dadd2"},{"name":"Restaurant","color":"#ff5161"}]}},{"type":"Feature","geometry":{"type":"Point","coordinates":[-9.1440596,38.7107556]},"properties":{"name":"Manteigaria","address":"Rua do Loreto 2, 1200-108 Lisboa, Portugal","icon":"restaurant","userComment":"Très bon pasteis de nata ","tags":[{"name":"À essayer","color":"#6edf38"},{"name":"Ambiance","color":"#fb4c42"},{"name":"Amis","color":"#408fff"}]}},{"type":"Feature","geometry":{"type":"Point","coordinates":[-9.150159799999999,38.7171884]},"properties":{"name":"Zazah","address":"R. São Marçal 111, 1200-420 Lisboa, Portugal","icon":"restaurant","userComment":"Bon restaurant ","tags":[{"name":"Cadre sympa","color":"#ee34af"},{"name":"À essayer","color":"#6edf38"},{"name":"Ambiance","color":"#fb4c42"},{"name":"Authentique","color":"#855af1"},{"name":"Restaurant","color":"#ff5161"}]}},{"type":"Feature","geometry":{"type":"Point","coordinates":[-9.1313952,38.7147067]},"properties":{"name":"28 Restaurante","address":"Calçada de Santo André 3, 1100-495 Lisbonne, Portugal","icon":"generic","userComment":"Très beau brunch et bon","tags":[{"name":"À essayer","color":"#6edf38"},{"name":"Ambiance","color":"#fb4c42"},{"name":"Authentique","color":"#855af1"},{"name":"Carpe diem","color":"#642fd1"},{"name":"Excellent","color":"#a844e5"}]}},{"type":"Feature","geometry":{"type":"Point","coordinates":[2.2553839,48.8317333]},"properties":{"name":"Volfoni Boulogne","address":"16 Boulevard de la République Boulogne-Billancourt 92100","icon":"restaurant","tags":[{"name":"À essayer","color":"#6edf38"},{"name":"Italien","color":"#f27b3c"},{"name":"Pizza","color":"#a2d408"},{"name":"Pates àla truffe","color":"#3316dc"},{"name":"Restaurant","color":"#ff5161"}]}},{"type":"Feature","geometry":{"type":"Point","coordinates":[1.440638,43.601518]},"properties":{"name":"Le Petit Voisin","address":"37 Rue Peyrolières, 31000 Toulouse, France","icon":"bar","userComment":"Bar au charme inégalable ! Très bonne ambiance et service au top ! A venir pour boire un verre ","tags":[{"name":"Ambiance","color":"#fb4c42"},{"name":"Amis","color":"#408fff"},{"name":"Bar","color":"#2ad93c"}]}},{"type":"Feature","geometry":{"type":"Point","coordinates":[1.44412,43.59889]},"properties":{"name":"Le Panache","address":"34 Rue des Filatiers 31000 Toulouse France","icon":"restaurant","userComment":"Excellent resto ! Cocktail à tester obligatoirement ! Je recommande le magret et poulpe ! Plats très bons ! Je recommande les yeux fermés ! A réserver ++\n\nSinon les tapas sont incroyables ! ","tags":[{"name":"À essayer","color":"#6edf38"},{"name":"Amis","color":"#408fff"},{"name":"Authentique","color":"#855af1"},{"name":"Cadre sympa","color":"#ee34af"},{"name":"Carpe diem","color":"#642fd1"},{"name":"Cocktails","color":"#d1b524"},{"name":"Restaurant","color":"#ff5161"},{"name":"Viandes","color":"#cf1c02"},{"name":"Tres bon gin to","color":"#2164d0"}]}},{"type":"Feature","geometry":{"type":"Point","coordinates":[1.44166,43.60001099999999]},"properties":{"name":"The Four Monkeys","address":"7 Rue de Metz, 31000 Toulouse, France","icon":"bar","userComment":"Bar très authentique on adore ","tags":[{"name":"Ambiance","color":"#fb4c42"},{"name":"À essayer","color":"#6edf38"},{"name":"Bar","color":"#2ad93c"}]}},{"type":"Feature","geometry":{"type":"Point","coordinates":[1.4485313892364502,43.604393005371094]},"properties":{"name":"Oulala","address":"Rue Labéda, 31000 Toulouse, France","icon":"generic","userComment":"Bar sympa et très bonne planche très quali ","tags":[{"name":"Ambiance","color":"#fb4c42"},{"name":"À essayer","color":"#6edf38"},{"name":"Amis","color":"#408fff"},{"name":"Authentique","color":"#855af1"}]}},{"type":"Feature","geometry":{"type":"Point","coordinates":[2.3591374,48.8649437]},"properties":{"name":"Napoli Caffè","address":"8 Rue Réaumur, 75003 Paris, France","icon":"cafe","userComment":"Formules très appréciables ! Petit endroit très authentique et cuisine très bien ! On recommande si recherche endroit authentique sans chichi","tags":[{"name":"À essayer","color":"#6edf38"},{"name":"Ambiance","color":"#fb4c42"},{"name":"Amis","color":"#408fff"},{"name":"Authentique","color":"#855af1"},{"name":"Italien","color":"#f27b3c"},{"name":"Pizza","color":"#a2d408"},{"name":"Pates àla truffe","color":"#3316dc"},{"name":"Pizza pas chere et top","color":"#3b3bd7"}]}},{"type":"Feature","geometry":{"type":"Point","coordinates":[2.2988744,48.8849369]},"properties":{"name":"Manhattan Terrazza","address":"108 Avenue de Villiers, 75017 Paris, France","icon":"restaurant","userComment":"Très belle déco ! HH\nBon reto ","tags":[{"name":"À essayer","color":"#6edf38"},{"name":"Ambiance","color":"#fb4c42"},{"name":"Amis","color":"#408fff"},{"name":"Authentique","color":"#855af1"},{"name":"Carpe diem","color":"#642fd1"},{"name":"Cocktails","color":"#d1b524"},{"name":"Cadre sympa","color":"#ee34af"},{"name":"Happy hour","color":"#9526e1"},{"name":"Italien","color":"#f27b3c"},{"name":"Restaurant","color":"#ff5161"},{"name":"Pates àla truffe","color":"#3316dc"},{"name":"Pizza","color":"#a2d408"},{"name":"Wine","color":"#5412d1"}]}},{"type":"Feature","geometry":{"type":"Point","coordinates":[2.3505921363830566,48.85751724243164]},"properties":{"name":"Pastasuta","address":"2 Rue de la Coutellerie, 75004 Paris, France","icon":"restaurant","userComment":"Très bon italien à côté de l Hôtel de Ville ! Pâtes faites maison ","tags":[{"name":"Authentique","color":"#855af1"},{"name":"Amis","color":"#408fff"},{"name":"Cocktails","color":"#d1b524"},{"name":"Carpe diem","color":"#642fd1"},{"name":"Restaurant","color":"#ff5161"},{"name":"Pates àla truffe","color":"#3316dc"},{"name":"Italien","color":"#f27b3c"}]}},{"type":"Feature","geometry":{"type":"Point","coordinates":[2.337033,48.870565]},"properties":{"name":"Hotel Gramont Paris","address":"22 Rue de Gramont, 75002 Paris, France","icon":"lodging","tags":[{"name":"Sans reservation","color":"#f71a45"},{"name":"À essayer","color":"#6edf38"}]}},{"type":"Feature","geometry":{"type":"Point","coordinates":[2.354391,48.860022]},"properties":{"name":"Comptoir Gourmet","address":"51 Rue du Temple, 75004 Paris, France","icon":"restaurant","userComment":"Resto italien très convivial et idéal pour partager un bon moment !\nLe principe ? Planches à partager ou pièces à déguster à plusieurs \n\nTrès bon vin \n\nQuartier dans le marais rue très calme ! ","tags":[{"name":"À essayer","color":"#6edf38"},{"name":"Amis","color":"#408fff"},{"name":"Authentique","color":"#855af1"},{"name":"Bar à vin","color":"#ea30d5"},{"name":"Carpe diem","color":"#642fd1"},{"name":"Italien","color":"#f27b3c"},{"name":"Restaurant","color":"#ff5161"},{"name":"Specialites locales","color":"#2dadd2"},{"name":"Wine","color":"#5412d1"}]}},{"type":"Feature","geometry":{"type":"Point","coordinates":[2.342873,48.8645355]},"properties":{"name":"Madame Rêve","address":"48 Rue du Louvre, 75001 Paris, France","icon":"lodging","userComment":"Tres beau cadre dans l’ancienne poste du Louvre! On recommande plus le cadre que le repas ! Mais très sympa et très beau ","tags":[{"name":"À essayer","color":"#6edf38"},{"name":"Ambiance","color":"#fb4c42"},{"name":"Authentique","color":"#855af1"},{"name":"Cadre sympa","color":"#ee34af"},{"name":"Carpe diem","color":"#642fd1"},{"name":"Cocktails","color":"#d1b524"},{"name":"Hotel","color":"#c17bff"},{"name":"Restaurant","color":"#ff5161"},{"name":"Salon de the","color":"#b643d7"},{"name":"Viandes","color":"#cf1c02"}]}},{"type":"Feature","geometry":{"type":"Point","coordinates":[2.3461551666259766,48.867889404296875]},"properties":{"name":"Les Grands Gamins - Bar à jeux de société et Boutique","address":"19 Rue de Cléry, 75002 Paris, France","icon":"bar","userComment":"Bar à jeux à sentier ! ","tags":[{"name":"Bar à jeux","color":"#aa3dcf"},{"name":"Ambiance","color":"#fb4c42"},{"name":"Amis","color":"#408fff"},{"name":"Authentique","color":"#855af1"},{"name":"Bar","color":"#2ad93c"},{"name":"À essayer","color":"#6edf38"}]}},{"type":"Feature","geometry":{"type":"Point","coordinates":[2.3619322,48.87432580000001]},"properties":{"name":"Les Enfants Perdus","address":"9 Rue des Récollets, 75010 Paris, France","icon":"restaurant","userComment":"Très bon restaurant que je recommande ++ ! Cuisine à la française ! \n\nPetit tips : faire le bar enfants gâtés juste avant puis dîner \nA réserver ++ ","tags":[{"name":"Ambiance","color":"#fb4c42"},{"name":"À essayer","color":"#6edf38"},{"name":"Carpe diem","color":"#642fd1"},{"name":"Authentique","color":"#855af1"},{"name":"Amis","color":"#408fff"},{"name":"Poisson","color":"#f61c82"},{"name":"Viandes","color":"#cf1c02"},{"name":"Wine","color":"#5412d1"}]}},{"type":"Feature","geometry":{"type":"Point","coordinates":[2.3730884,48.8522001]},"properties":{"name":"Brasserie Rosie","address":"53 Rue du Faubourg Saint-Antoine, Paris 75011","icon":"restaurant","userComment":"Brasserie très sympa ! Cadre très sympa et bon! Copieux et très bonnes coquillettes à la truffe ! Poisson à ne pas conseiller ","tags":[{"name":"À essayer","color":"#6edf38"},{"name":"Ambiance","color":"#fb4c42"},{"name":"Amis","color":"#408fff"},{"name":"Authentique","color":"#855af1"},{"name":"Pates àla truffe","color":"#3316dc"}]}},{"type":"Feature","geometry":{"type":"Point","coordinates":[2.334978500000001,48.8798044]},"properties":{"name":"Polpette","address":"41-43 Rue Catherine de La Rochefoucauld, 75009 Paris, France","icon":"restaurant","userComment":"Très bon italien ","tags":[{"name":"À essayer","color":"#6edf38"},{"name":"Ambiance","color":"#fb4c42"},{"name":"Amis","color":"#408fff"},{"name":"Cocktails","color":"#d1b524"},{"name":"Excellent","color":"#a844e5"},{"name":"Pates àla truffe","color":"#3316dc"},{"name":"Pizza","color":"#a2d408"},{"name":"Restaurant","color":"#ff5161"}]}},{"type":"Feature","geometry":{"type":"Point","coordinates":[2.3546289,48.8585827]},"properties":{"name":"Eataly Paris Marais","address":"37 rue sainte-croix de la bretonnerie, Paris 75004","icon":"restaurant","userComment":"Grand mall italien en plein marais ! On valide ++ ( sans réservation) ","tags":[{"name":"À essayer","color":"#6edf38"},{"name":"Ambiance","color":"#fb4c42"},{"name":"Amis","color":"#408fff"},{"name":"Authentique","color":"#855af1"},{"name":"Bar à vin","color":"#ea30d5"},{"name":"Carpe diem","color":"#642fd1"},{"name":"Cocktails","color":"#d1b524"},{"name":"Pizza","color":"#a2d408"},{"name":"Italien","color":"#f27b3c"}]}},{"type":"Feature","geometry":{"type":"Point","coordinates":[2.3345169,48.8878134]},"properties":{"name":"Au virage Lepic","address":"61 Rue Lepic, 75018 Paris, France","icon":"restaurant","userComment":"Resto et bar très authentique ","tags":[{"name":"À essayer","color":"#6edf38"},{"name":"Ambiance","color":"#fb4c42"},{"name":"Amis","color":"#408fff"},{"name":"Authentique","color":"#855af1"},{"name":"Bar","color":"#2ad93c"}]}},{"type":"Feature","geometry":{"type":"Point","coordinates":[2.348059,48.87915599999999]},"properties":{"name":"Léandrés, happy food & coffee","address":"78 Rue de Maubeuge, 75009 Paris, France","icon":"cafe","userComment":"Très bon brunch argentin ","tags":[{"name":"À essayer","color":"#6edf38"},{"name":"Ambiance","color":"#fb4c42"},{"name":"Authentique","color":"#855af1"},{"name":"Brunch","color":"#f033cb"}]}},{"type":"Feature","geometry":{"type":"Point","coordinates":[22.9594041259089,40.6395715558971]},"properties":{"name":"Coq Tail Mix Bar","address":"Ochi 6 554 38 Thessaloniki Grèce","icon":"generic","userComment":"Tout en haut de thessalonique dans la vieille ville ! Magnifique vue panoramique ","tags":[{"name":"À essayer","color":"#6edf38"},{"name":"Amis","color":"#408fff"},{"name":"Vue panoramique","color":"#57aef5"}]}},{"type":"Feature","geometry":{"type":"Point","coordinates":[22.92914,40.64411]},"properties":{"name":"Casa Del Treno","address":"Monastiriou, 546 29 Thessalonique, Grèce","icon":"generic","userComment":"Restaurant très sympa et excellent ! Cadre idyllique au port et restaurant sympa ! Je recommande ! Prix tres attractifs ","tags":[{"name":"À essayer","color":"#6edf38"},{"name":"Ambiance","color":"#fb4c42"},{"name":"Amis","color":"#408fff"},{"name":"Authentique","color":"#855af1"},{"name":"Excellent","color":"#a844e5"},{"name":"Greek","color":"#538df9"},{"name":"Vue panoramique","color":"#57aef5"}]}},{"type":"Feature","geometry":{"type":"Point","coordinates":[22.94798,40.62566]},"properties":{"name":"Arampela","address":"546 21 Thessalonique, Grèce","icon":"generic","userComment":"Bar ambulant balade bateau pirate 30 min ","tags":[{"name":"À essayer","color":"#6edf38"},{"name":"Ambiance","color":"#fb4c42"},{"name":"Amis","color":"#408fff"},{"name":"Bar","color":"#2ad93c"}]}},{"type":"Feature","geometry":{"type":"Point","coordinates":[22.94525667095831,40.62889851633537]},"properties":{"name":"Pepper","address":"Nikis 55 546 22 Thessaloniki Grèce","icon":"generic","userComment":"Très joli bar vue sur mer ","tags":[{"name":"Bar","color":"#2ad93c"},{"name":"À essayer","color":"#6edf38"},{"name":"Cocktails","color":"#d1b524"}]}},{"type":"Feature","geometry":{"type":"Point","coordinates":[22.93699456869377,40.63437666397636]},"properties":{"name":"Loupino","address":"Katouni street 3 546 25 Thessaloniki Grèce","icon":"generic","userComment":"Très bon resto grecque ","tags":[{"name":"À essayer","color":"#6edf38"},{"name":"Authentique","color":"#855af1"},{"name":"Excellent","color":"#a844e5"},{"name":"Greek","color":"#538df9"},{"name":"Specialites locales","color":"#2dadd2"}]}},{"type":"Feature","geometry":{"type":"Point","coordinates":[22.904427582419387,40.50430186096626]},"properties":{"name":"Wet Red Rose Beach Ckub","address":"Κουντουριώτου 115–129 570 19 Neoi Epivates Grèce","icon":"generic","userComment":"Beach club tres sympa et bar avec tres bon cocktails ","tags":[{"name":"Ambiance","color":"#fb4c42"},{"name":"À essayer","color":"#6edf38"},{"name":"Amis","color":"#408fff"},{"name":"Bar","color":"#2ad93c"},{"name":"Cocktails","color":"#d1b524"},{"name":"Carpe diem","color":"#642fd1"},{"name":"Vue mer","color":"#d2b251"}]}},{"type":"Feature","geometry":{"type":"Point","coordinates":[22.940456857926154,40.636019571722144]},"properties":{"name":"Molubos","address":"Ermou 14 546 24 Thessaloniki Grèce","icon":"generic","userComment":"Beau resto grecque ","tags":[{"name":"À essayer","color":"#6edf38"}]}},{"type":"Feature","geometry":{"type":"Point","coordinates":[2.3486438,48.8744332]},"properties":{"name":"GALBAR","address":"50 rue du faubourg poissonnière, Paris 75010","icon":"restaurant","userComment":"Crêpes revisités ! Concept sympa ! ","tags":[{"name":"À essayer","color":"#6edf38"},{"name":"Restaurant","color":"#ff5161"},{"name":"Creperie","color":"#ed261a"}]}},{"type":"Feature","geometry":{"type":"Point","coordinates":[2.3598663,48.8665026]},"properties":{"name":"Pastificio Norma","address":"75 Rue de Turbigo, Paris 75003","icon":"restaurant","userComment":"Excellent italien avec pâtes maison ! Je recommande ! Plats copieux : un régal ","tags":[{"name":"À essayer","color":"#6edf38"},{"name":"Authentique","color":"#855af1"},{"name":"Cocktails","color":"#d1b524"},{"name":"Italien","color":"#f27b3c"},{"name":"Pates àla truffe","color":"#3316dc"},{"name":"Restaurant","color":"#ff5161"},{"name":"Pizza","color":"#a2d408"}]}},{"type":"Feature","geometry":{"type":"Point","coordinates":[-0.7037772000000001,49.2763563]},"properties":{"name":"Le Pommier","address":"40 Rue des Cuisiniers, 14400 Bayeux, France","icon":"restaurant","userComment":"Excellent restaurant ! Très bon mais prix un peu élevé ! Produits locaux et excellents ","tags":[{"name":"À essayer","color":"#6edf38"},{"name":"Authentique","color":"#855af1"},{"name":"Excellent","color":"#a844e5"}]}},{"type":"Feature","geometry":{"type":"Point","coordinates":[-0.6221746746456457,49.340019752317424]},"properties":{"name":"Fish And Chips","address":"1–27 Rue Maréchal Joffre 14117 Arromanches-les-Bains France","icon":"generic","userComment":"Très bon fish and chips ","tags":[{"name":"À essayer","color":"#6edf38"}]}},{"type":"Feature","geometry":{"type":"Point","coordinates":[2.3505363,48.8652332]},"properties":{"name":"La Cordonnerie","address":"142 Rue Saint-Denis, 75002 Paris, France","icon":"bar","userComment":"Bar sympa avec cocktails pas très chers ","tags":[{"name":"Bar","color":"#2ad93c"},{"name":"Authentique","color":"#855af1"},{"name":"Cocktails","color":"#d1b524"}]}},{"type":"Feature","geometry":{"type":"Point","coordinates":[2.3504143,48.8647783]},"properties":{"name":"Pupetta","address":"124 Rue St Denis, 75002 Paris, France","icon":"restaurant","userComment":"Bon resto italien à Strasbourg sT Denis avec bonnes pizzas","tags":[{"name":"Pizza","color":"#a2d408"},{"name":"Restaurant","color":"#ff5161"},{"name":"Italien","color":"#f27b3c"},{"name":"Cocktails","color":"#d1b524"}]}},{"type":"Feature","geometry":{"type":"Point","coordinates":[2.2716970443725586,48.8414306640625]},"properties":{"name":"Rosé Piscine","address":"174 Quai André Citröen, 75015 Paris, France","icon":"generic","userComment":"Petite guinguette classique dans le 15","tags":[{"name":"Ambiance","color":"#fb4c42"},{"name":"Amis","color":"#408fff"}]}},{"type":"Feature","geometry":{"type":"Point","coordinates":[-2.0546906,48.63409499999999]},"properties":{"name":"Crêperie du Roy","address":"9 Boulevard Féart, 35800 Dinard, France","icon":"shopping","userComment":"Bonne crêperie typique avec décors typiques bretons mais un peu bruyant ","tags":[{"name":"À essayer","color":"#6edf38"},{"name":"Authentique","color":"#855af1"},{"name":"Crepes","color":"#f45fee"}]}},{"type":"Feature","geometry":{"type":"Point","coordinates":[-2.0381469,48.45677169999999]},"properties":{"name":"Bar des Vedettes","address":"11 Rue du Quai, 22100 Dinan, France","icon":"bar","userComment":"Bar ambiance à dinard ! Cocktails très sympas et bonnes vibes  ! ","tags":[{"name":"À essayer","color":"#6edf38"},{"name":"Ambiance","color":"#fb4c42"},{"name":"Bar","color":"#2ad93c"}]}},{"type":"Feature","geometry":{"type":"Point","coordinates":[-2.025156,48.6480979]},"properties":{"name":"Le Comptoir BREIZH Café","address":"6 Rue Orme, 35400 Saint-Malo, France","icon":"shopping","userComment":"Très bonne crêperie avec produits locaux dans les remparts ","tags":[{"name":"À essayer","color":"#6edf38"},{"name":"Authentique","color":"#855af1"},{"name":"Restaurant","color":"#ff5161"},{"name":"Cadre sympa","color":"#ee34af"}]}},{"type":"Feature","geometry":{"type":"Point","coordinates":[-2.0542336,48.6337869]},"properties":{"name":"Maison Moreau Boulangerie Patisserie","address":"36 Rue Levavasseur, 35800 Dinard, France","icon":"restaurant","userComment":"Très bonne boulangerie ","tags":[{"name":"Boulangerie","color":"#dc2efd"}]}},{"type":"Feature","geometry":{"type":"Point","coordinates":[-2.051758200000001,48.6360468]},"properties":{"name":"Le Sunset Bar","address":"Prom. des Alliés, Dinard, France","icon":"bar","userComment":"Bar à cocktail vue sur mer ! Très sympa et animé ! Une guinguette vue sur la plage et la jetée on adore ","tags":[{"name":"À essayer","color":"#6edf38"},{"name":"Ambiance","color":"#fb4c42"},{"name":"Amis","color":"#408fff"},{"name":"Bar","color":"#2ad93c"},{"name":"Cadre sympa","color":"#ee34af"},{"name":"Cocktails","color":"#d1b524"},{"name":"Carpe diem","color":"#642fd1"}]}},{"type":"Feature","geometry":{"type":"Point","coordinates":[-2.0545251,48.6347529]},"properties":{"name":"Le Café Rouge","address":"3 Boulevard Féart, 35800 Dinard, France","icon":"cafe","userComment":"Très bon restaurant de fruits de mer et crustacés ! Recommandé au michelin","tags":[{"name":"À essayer","color":"#6edf38"},{"name":"Amis","color":"#408fff"},{"name":"Ambiance","color":"#fb4c42"},{"name":"Cadre sympa","color":"#ee34af"},{"name":"Restaurant","color":"#ff5161"},{"name":"Vue panoramique","color":"#57aef5"},{"name":"Vue mer","color":"#d2b251"},{"name":"Fruits de mer","color":"#4072d8"},{"name":"Poisson","color":"#f61c82"}]}},{"type":"Feature","geometry":{"type":"Point","coordinates":[-2.0537437,48.63498]},"properties":{"name":"Moustache","address":"2 Bis Rue du Maréchal Leclerc, 35800 Dinard, France","icon":"generic","userComment":"Très bon bon glacier artisanal ","tags":[{"name":"Glace","color":"#49ceb7"}]}},{"type":"Feature","geometry":{"type":"Point","coordinates":[14.428993218384244,50.08357675108286]},"properties":{"name":"Kantyna","address":"Politických vězňů 1511/5 110 00 Prague République tchèque","icon":"generic","userComment":"Cantine tchèque très typique et locale ! Une boucherie qui a transformé ça en cafétéria géante ! Recommande ","tags":[{"name":"Authentique","color":"#855af1"},{"name":"Restaurant","color":"#ff5161"},{"name":"Viandes","color":"#cf1c02"}]}},{"type":"Feature","geometry":{"type":"Point","coordinates":[14.4286302,50.0839411]},"properties":{"name":"Green Tomato","address":"Jindřišská 938/18, 110 00 Praha, République tchèque","icon":"restaurant","userComment":"Très bon italien ","tags":[{"name":"Amis","color":"#408fff"},{"name":"Pizza","color":"#a2d408"},{"name":"Restaurant","color":"#ff5161"},{"name":"Italien","color":"#f27b3c"}]}},{"type":"Feature","geometry":{"type":"Point","coordinates":[14.390677,50.0874483]},"properties":{"name":"Questenberk Hotel","address":"Úvoz 155/15, 110 00 Praha 1 - Hradčany-Praha 1, Tchéquie","icon":"lodging","userComment":"Sur les hauteurs de prague : n’hésitez pas à boire un verre sur leur terrasse avec vue imprenable sur prague ! Magnifique vue ","tags":[{"name":"Vue panoramique","color":"#57aef5"},{"name":"Cadre sympa","color":"#ee34af"},{"name":"Bar","color":"#2ad93c"}]}},{"type":"Feature","geometry":{"type":"Point","coordinates":[14.404181493459646,50.091842981102026]},"properties":{"name":"Ippa Cafe","address":"Jiřská 7/6 119 00 Prague République tchèque","icon":"generic","userComment":"Très beau cadre au sein du château du prague avec des desserts aussi beaux que bons ! Un délice ","tags":[{"name":"Cafe","color":"#cd3f75"},{"name":"Restaurant","color":"#ff5161"}]}},{"type":"Feature","geometry":{"type":"Point","coordinates":[14.429011152158495,50.07515303124214]},"properties":{"name":"Cafe Purkynē","address":"Sokolská 490/31 120 00 Prague République tchèque","icon":"generic","userComment":"Véritable café locale ouvert que le matin ! ","tags":[{"name":"Cafe","color":"#cd3f75"},{"name":"Authentique","color":"#855af1"}]}},{"type":"Feature","geometry":{"type":"Point","coordinates":[14.4353149,50.0746162]},"properties":{"name":"Restaurace Kravín","address":"Náměstí Míru 109/18, 120 00 Praha 2, République tchèque","icon":"restaurant","userComment":"Très belle vue sur l église ! Plats typiques et/ ou internationaux avec une ambiance locale ! Resto avec peu de touristes que des locaux ","tags":[{"name":"À essayer","color":"#6edf38"},{"name":"Cadre sympa","color":"#ee34af"}]}},{"type":"Feature","geometry":{"type":"Point","coordinates":[14.4212947,50.08992979999999]},"properties":{"name":"V Kolkovně 910/8","address":"V Kolkovně 910/8, Staré Město, 110 00 Praha-Praha 1, Tchéquie","icon":"geocode","userComment":"Très bonne brasserie typique dans le quartier juif ! On recommande ","tags":[{"name":"À essayer","color":"#6edf38"},{"name":"Amis","color":"#408fff"},{"name":"Authentique","color":"#855af1"},{"name":"Specialites locales","color":"#2dadd2"},{"name":"Viandes","color":"#cf1c02"}]}},{"type":"Feature","geometry":{"type":"Point","coordinates":[7.28307,43.69501]},"properties":{"name":"Le Bard'o","address":"26 Quai Lunel 06300 Nizza France","icon":"generic","userComment":"Très bon resto de fruit de mer avec belle vue ","tags":[{"name":"À essayer","color":"#6edf38"},{"name":"Cadre sympa","color":"#ee34af"}]}},{"type":"Feature","geometry":{"type":"Point","coordinates":[7.2842605,43.6988697]},"properties":{"name":"Boston Bar","address":"place de 06300, 11 Place de l'Île de Beauté, 06300 Nice, France","icon":"bar","tags":[{"name":"À essayer","color":"#6edf38"},{"name":"Ambiance","color":"#fb4c42"},{"name":"Amis","color":"#408fff"},{"name":"Bar","color":"#2ad93c"}]}},{"type":"Feature","geometry":{"type":"Point","coordinates":[0.6900938,47.39405680000001]},"properties":{"name":"La Dinette","address":"3 Rue Corneille, 37000 Tours, France","icon":"restaurant","userComment":"Excellent resto de quartier du theatre","tags":[{"name":"À essayer","color":"#6edf38"},{"name":"Excellent","color":"#a844e5"}]}},{"type":"Feature","geometry":{"type":"Point","coordinates":[9.1141436,39.2179492]},"properties":{"name":"Santa Chiara - Banco E Cucina","address":"Via Santa Margherita 09124 Cagliari Italy","icon":"generic","userComment":"Excellent risotto au safran! Une mama italienne qui cuisin’e devant nous  ","tags":[{"name":"Cadre sympa","color":"#ee34af"}]}},{"type":"Feature","geometry":{"type":"Point","coordinates":[9.1106081,39.2169519]},"properties":{"name":"Sa Domu Sarda","address":"Via Sassari, 51, 09124 Cagliari, Italie","icon":"restaurant","userComment":"Très bon italien : de vrai spécialités sardes ","tags":[{"name":"Ambiance","color":"#fb4c42"},{"name":"Authentique","color":"#855af1"},{"name":"Pizza","color":"#a2d408"}]}},{"type":"Feature","geometry":{"type":"Point","coordinates":[9.1195167,39.2131972]},"properties":{"name":"Dulcis Pasticceria | Cagliari","address":"Via Sidney Sonnino, 71, 09125 Cagliari CA, Italy","icon":"restaurant","userComment":"Très bon salon de thé typique ","tags":[{"name":"Specialites locales","color":"#2dadd2"},{"name":"Salon de the","color":"#b643d7"}]}},{"type":"Feature","geometry":{"type":"Point","coordinates":[2.3854682,48.8498478]},"properties":{"name":"Les Amis Des Messina","address":"204 Rue du Faubourg Saint-Antoine, 75012 Paris, France","icon":"restaurant","tags":[{"name":"Amis","color":"#408fff"},{"name":"Cadre sympa","color":"#ee34af"},{"name":"Italien","color":"#f27b3c"}]}},{"type":"Feature","geometry":{"type":"Point","coordinates":[4.3503904,50.85159969999999]},"properties":{"name":"Marcelle - Débit de Boissons","address":"Place du Samedi 15, 1000 Bruxelles, Belgique","icon":"bar","userComment":"Très bon cocktails et jolie terrasse ! ","tags":[{"name":"À essayer","color":"#6edf38"},{"name":"Ambiance","color":"#fb4c42"},{"name":"Amis","color":"#408fff"},{"name":"Bar","color":"#2ad93c"},{"name":"Cocktails","color":"#d1b524"},{"name":"Carpe diem","color":"#642fd1"}]}},{"type":"Feature","geometry":{"type":"Point","coordinates":[4.348186699999999,50.8454829]},"properties":{"name":"Chez Maman","address":"Rue des Grands Carmes 7, 1000 Bruxelles, Belgique","icon":"bar","userComment":"Très bon cocktails, terrasse très agréable ! On recommande  ","tags":[{"name":"À essayer","color":"#6edf38"},{"name":"Ambiance","color":"#fb4c42"},{"name":"Amis","color":"#408fff"},{"name":"Bar","color":"#2ad93c"},{"name":"Cocktails","color":"#d1b524"}]}},{"type":"Feature","geometry":{"type":"Point","coordinates":[4.348093799999999,50.8491161]},"properties":{"name":"KFK Hope","address":"Rue des Poissonniers 21, 1000 Bruxelles, Belgique","icon":"bar","userComment":"Bar dansant très cool ","tags":[{"name":"À essayer","color":"#6edf38"},{"name":"Bar","color":"#2ad93c"}]}},{"type":"Feature","geometry":{"type":"Point","coordinates":[4.3526515,50.8420307]},"properties":{"name":"Vertigo","address":"Rue de Rollebeek 7, 1000 Bruxelles, Belgique","icon":"restaurant","userComment":"Très beau cadre et authentique ! Très hype à faire ! ","tags":[{"name":"À essayer","color":"#6edf38"},{"name":"Ambiance","color":"#fb4c42"},{"name":"Amis","color":"#408fff"},{"name":"Cadre sympa","color":"#ee34af"},{"name":"Cocktails","color":"#d1b524"},{"name":"Excellent","color":"#a844e5"}]}},{"type":"Feature","geometry":{"type":"Point","coordinates":[2.2344457,48.8373471]},"properties":{"name":"Traiteur Grec","address":"43 Rue de l'Ancienne Mairie Boulogne-Billancourt 92100","icon":"generic","userComment":"Traiteur grecque ! Très bon ","tags":[{"name":"À essayer","color":"#6edf38"},{"name":"Greek","color":"#538df9"}]}},{"type":"Feature","geometry":{"type":"Point","coordinates":[2.344743,48.865364]},"properties":{"name":"New Osaka","address":"37 Rue Montmartre, 75002 Paris, France","icon":"restaurant","userComment":"Buffet à volonté à sentier ","tags":[{"name":"À essayer","color":"#6edf38"},{"name":"Authentique","color":"#855af1"}]}},{"type":"Feature","geometry":{"type":"Point","coordinates":[3.0618764,50.6377379]},"properties":{"name":"Pâtisserie Méert","address":"25-27 Rue Esquermoise, 59000 Lille, France","icon":"restaurant","userComment":"Gaufres typiques à essayer ","tags":[{"name":"Gouter","color":"#485ef2"}]}},{"type":"Feature","geometry":{"type":"Point","coordinates":[3.06395,50.63441]},"properties":{"name":"Grand Scène","address":"31 Rue de Béthune 59800 Lille France","icon":"restaurant","userComment":"Très bien : street food ","tags":[{"name":"À essayer","color":"#6edf38"},{"name":"Ambiance","color":"#fb4c42"},{"name":"Amis","color":"#408fff"},{"name":"Food truck","color":"#f30eb3"}]}},{"type":"Feature","geometry":{"type":"Point","coordinates":[2.3315612,48.86783519999999]},"properties":{"name":"Immersion Vendôme","address":"23 Rue Danielle Casanova, Paris 75001","icon":"restaurant","userComment":"Brunch au top","tags":[{"name":"À essayer","color":"#6edf38"},{"name":"Ambiance","color":"#fb4c42"},{"name":"Brunch","color":"#f033cb"}]}},{"type":"Feature","geometry":{"type":"Point","coordinates":[2.3649268,48.8543478]},"properties":{"name":"La Chamade","address":"3 Rue de Birague, 75004 Paris, France","icon":"restaurant","userComment":"Cocktails pas chers (5/6 euros) dans le marais ! On valide ! ","tags":[{"name":"À essayer","color":"#6edf38"},{"name":"Amis","color":"#408fff"},{"name":"Bar","color":"#2ad93c"},{"name":"Cocktails","color":"#d1b524"}]}},{"type":"Feature","geometry":{"type":"Point","coordinates":[2.2885439,48.84183729999999]},"properties":{"name":"La Table Libanaise - Restaurant et traiteur Libanais à PARIS 15","address":"25 Rue Oscar Roty, 75015 Paris, France","icon":"restaurant","userComment":"Bon libanais","tags":[{"name":"À essayer","color":"#6edf38"},{"name":"Amis","color":"#408fff"},{"name":"Authentique","color":"#855af1"}]}},{"type":"Feature","geometry":{"type":"Point","coordinates":[1.44419,43.5996]},"properties":{"name":"Chez Mamie","address":"10 Place de la Trinité 31000 Toulouse France","icon":"restaurant","userComment":"Le « chez tonton » des 25-30 ans ! Très sympathique sur une belle place ","tags":[{"name":"À essayer","color":"#6edf38"},{"name":"Ambiance","color":"#fb4c42"},{"name":"Authentique","color":"#855af1"}]}},{"type":"Feature","geometry":{"type":"Point","coordinates":[1.4421772,43.6014334]},"properties":{"name":"Prima Lova","address":"1 Place de la Bourse, 31000 Toulouse, France","icon":"restaurant","userComment":"Italien abordable mais pates à la truffe sans plus ","tags":[{"name":"Ambiance","color":"#fb4c42"},{"name":"Pates àla truffe","color":"#3316dc"},{"name":"Pizza","color":"#a2d408"},{"name":"Italien","color":"#f27b3c"}]}},{"type":"Feature","geometry":{"type":"Point","coordinates":[1.4438887,43.5972403]},"properties":{"name":"The London Town","address":"14 Rue des Prêtres, 31000 Toulouse, France","icon":"bar","tags":[{"name":"Amis","color":"#408fff"},{"name":"Authentique","color":"#855af1"},{"name":"Bar","color":"#2ad93c"}]}},{"type":"Feature","geometry":{"type":"Point","coordinates":[1.4443132877349854,43.5974006652832]},"properties":{"name":"Sunside Café","address":"3 Pl. des Carmes, 31000 Toulouse, France","icon":"restaurant","userComment":"Brunch ","tags":[{"name":"Ambiance","color":"#fb4c42"},{"name":"Amis","color":"#408fff"}]}},{"type":"Feature","geometry":{"type":"Point","coordinates":[1.4449862,43.60739239999999]},"properties":{"name":"Chez Marco","address":"30 Rue de Périgord, 31000 Toulouse, France","icon":"restaurant","userComment":"Restau à viandes : excellent ","tags":[{"name":"À essayer","color":"#6edf38"},{"name":"Amis","color":"#408fff"},{"name":"Authentique","color":"#855af1"},{"name":"Wine","color":"#5412d1"},{"name":"Viandes","color":"#cf1c02"},{"name":"Restaurant","color":"#ff5161"}]}},{"type":"Feature","geometry":{"type":"Point","coordinates":[2.3441169,48.8635068]},"properties":{"name":"Central PARK","address":"5 Rue du Jour, 75001 Paris, France","icon":"bar","userComment":"Très cool ","tags":[{"name":"À essayer","color":"#6edf38"},{"name":"Ambiance","color":"#fb4c42"},{"name":"Amis","color":"#408fff"},{"name":"Bar","color":"#2ad93c"},{"name":"Cocktails","color":"#d1b524"}]}},{"type":"Feature","geometry":{"type":"Point","coordinates":[2.3233219,48.8442908]},"properties":{"name":"Bouillon Chartier","address":"59 Bd du Montparnasse, 75006 Paris, France","icon":"restaurant","tags":[{"name":"À essayer","color":"#6edf38"},{"name":"Bouillon","color":"#d73783"}]}},{"type":"Feature","geometry":{"type":"Point","coordinates":[2.3746827,48.85315329999999]},"properties":{"name":"Giorgio - Gruppo Dalmata","address":"21 Rue de Charonne, Paris 75011","icon":"restaurant","tags":[{"name":"À essayer","color":"#6edf38"},{"name":"Cadre sympa","color":"#ee34af"},{"name":"Cocktails","color":"#d1b524"},{"name":"Pizza","color":"#a2d408"},{"name":"Pates àla truffe","color":"#3316dc"},{"name":"Italien","color":"#f27b3c"}]}},{"type":"Feature","geometry":{"type":"Point","coordinates":[2.3689482,48.8502596]},"properties":{"name":"Café de la presse","address":"36 Boulevard de la Bastille, 75012 Paris, France","icon":"restaurant","tags":[{"name":"Ambiance","color":"#fb4c42"},{"name":"À essayer","color":"#6edf38"},{"name":"Amis","color":"#408fff"},{"name":"Bar","color":"#2ad93c"}]}},{"type":"Feature","geometry":{"type":"Point","coordinates":[2.2996483,48.84675470000001]},"properties":{"name":"Comptoir Moderne","address":"26 Rue de la Croix Nivert, 75015 Paris, France","icon":"restaurant","userComment":"HH 16-21h","tags":[{"name":"Amis","color":"#408fff"},{"name":"Bar","color":"#2ad93c"},{"name":"Cocktails","color":"#d1b524"},{"name":"Happy hour","color":"#9526e1"}]}},{"type":"Feature","geometry":{"type":"Point","coordinates":[0.0791134,49.3655081]},"properties":{"name":"Le Pavillion Augustine","address":"Quai Albert 1er, 14360 Trouville-sur-Mer, France","icon":"restaurant","userComment":"Vue sur le bord de mer, très agréable et calme ! Très bon plats.  ","tags":[{"name":"À essayer","color":"#6edf38"},{"name":"Amis","color":"#408fff"},{"name":"Cadre sympa","color":"#ee34af"},{"name":"Carpe diem","color":"#642fd1"},{"name":"Vue mer","color":"#d2b251"},{"name":"Poisson","color":"#f61c82"},{"name":"Moules","color":"#2d0adc"}]}},{"type":"Feature","geometry":{"type":"Point","coordinates":[2.349,48.86338]},"properties":{"name":"L’epicerie Bouillon Pharamond","address":"28 Rue Pierre Lescot, 75001 Paris","icon":"generic","userComment":"Nouveauté du bouillon pharamond ! Bar à vin où il est possible de déguster des fruits de mer: idéal pour patienter avant que notre table au bouillon soit prête ! Joli décor ! On recommande ! ","tags":[{"name":"À essayer","color":"#6edf38"},{"name":"Ambiance","color":"#fb4c42"},{"name":"Amis","color":"#408fff"},{"name":"Bar","color":"#2ad93c"},{"name":"Bar à vin","color":"#ea30d5"},{"name":"Authentique","color":"#855af1"},{"name":"Wine","color":"#5412d1"}]}},{"type":"Feature","geometry":{"type":"Point","coordinates":[2.3730124,48.8321419]},"properties":{"name":"La Felicità","address":"5 Parvis Alan Turing, Paris 75013","icon":"restaurant","tags":[{"name":"Cadre sympa","color":"#ee34af"},{"name":"À essayer","color":"#6edf38"},{"name":"Ambiance","color":"#fb4c42"},{"name":"Amis","color":"#408fff"},{"name":"Bar","color":"#2ad93c"},{"name":"Italien","color":"#f27b3c"},{"name":"Pizza","color":"#a2d408"},{"name":"Pates àla truffe","color":"#3316dc"},{"name":"Street food","color":"#32d7c9"}]}},{"type":"Feature","geometry":{"type":"Point","coordinates":[2.3355,48.89258]},"properties":{"name":"Le Bruit Qui Court","address":"69ter Rue Damrémont Paris 75018","icon":"restaurant","userComment":"Tres bon brunch","tags":[{"name":"Brunch","color":"#f033cb"},{"name":"À essayer","color":"#6edf38"}]}},{"type":"Feature","geometry":{"type":"Point","coordinates":[2.3479901,48.8594006]},"properties":{"name":"Café Oz Châtelet","address":"18 Rue Saint-Denis, 75001 Paris, France","icon":"bar","userComment":"Bar dansant australien très sympa! Bonne ambiance ","tags":[{"name":"À essayer","color":"#6edf38"},{"name":"Ambiance","color":"#fb4c42"},{"name":"Amis","color":"#408fff"},{"name":"Bar","color":"#2ad93c"},{"name":"Carpe diem","color":"#642fd1"}]}},{"type":"Feature","geometry":{"type":"Point","coordinates":[2.3609806,48.85626849999999]},"properties":{"name":"Le Loir dans La Théière","address":"3 Rue des Rosiers, 75004 Paris, France","icon":"cafe","userComment":"Salon de thé très sympa ! Mais temps d attente ","tags":[{"name":"Salon de the","color":"#b643d7"},{"name":"À essayer","color":"#6edf38"},{"name":"Ambiance","color":"#fb4c42"},{"name":"Amis","color":"#408fff"},{"name":"Gateaux","color":"#d2ae46"},{"name":"Cafe","color":"#cd3f75"}]}},{"type":"Feature","geometry":{"type":"Point","coordinates":[2.3389735,48.8528791]},"properties":{"name":"PUB St GERMAIN","address":"17 Rue de l'Ancienne Comédie, Paris 75006","icon":"bar","userComment":"Petit billard, très spacieux ! On valide ","tags":[{"name":"À essayer","color":"#6edf38"},{"name":"Ambiance","color":"#fb4c42"},{"name":"Amis","color":"#408fff"},{"name":"Bar","color":"#2ad93c"},{"name":"Cadre sympa","color":"#ee34af"},{"name":"Happy hour","color":"#9526e1"}]}},{"type":"Feature","geometry":{"type":"Point","coordinates":[2.337971,48.853433]},"properties":{"name":"Yoom","address":"5 Rue Grégoire de Tours, 75006 Paris, France","icon":"restaurant","userComment":"Cuisine asiatique : service rapide et cadre agréable ","tags":[{"name":"À essayer","color":"#6edf38"}]}},{"type":"Feature","geometry":{"type":"Point","coordinates":[2.3460594,48.8707849]},"properties":{"name":"Cin-cin","address":"9 Boulevard Poissonnière, 75009 Paris, France","icon":"restaurant","userComment":"Petit happy hour de 17 h à 23h","tags":[{"name":"Amis","color":"#408fff"},{"name":"Bar","color":"#2ad93c"},{"name":"Cadre sympa","color":"#ee34af"},{"name":"Cocktails","color":"#d1b524"}]}},{"type":"Feature","geometry":{"type":"Point","coordinates":[2.3847703,48.8502422]},"properties":{"name":"Le Bidule","address":"2 Rue Faidherbe, 75011 Paris, France","icon":"bar","userComment":"Bar très cool avec happy hour ! Petite surprise de happy end : shooter d’au revoir .. 🕺🏻","tags":[{"name":"À essayer","color":"#6edf38"},{"name":"Ambiance","color":"#fb4c42"},{"name":"Amis","color":"#408fff"},{"name":"Bar","color":"#2ad93c"},{"name":"Cocktails","color":"#d1b524"}]}},{"type":"Feature","geometry":{"type":"Point","coordinates":[2.350294,48.8644]},"properties":{"name":"Petit Bao","address":"116 rue Saint-Denis, Paris 75002","icon":"restaurant","userComment":"Très bon baos ","tags":[{"name":"À essayer","color":"#6edf38"}]}},{"type":"Feature","geometry":{"type":"Point","coordinates":[1.9072697,47.9000227]},"properties":{"name":"Paxton'head","address":"264 Rue de Bourgogne, 45000 Orléans, France","icon":"bar","userComment":"Décor très IRISH bar et très atypique : soirée billard ++","tags":[{"name":"Ambiance","color":"#fb4c42"},{"name":"Bar","color":"#2ad93c"}]}},{"type":"Feature","geometry":{"type":"Point","coordinates":[2.2389414,48.846827]},"properties":{"name":"Restaurant Mamma Mia","address":"32 Avenue Jean Baptiste Clement, 92100 Boulogne-Billancourt, France","icon":"restaurant","userComment":"Très bon italien : ambiance sympa, très bon plat maison ! Très belle déco ! Je recommande ++","tags":[{"name":"À essayer","color":"#6edf38"},{"name":"Ambiance","color":"#fb4c42"},{"name":"Cocktails","color":"#d1b524"},{"name":"Italien","color":"#f27b3c"},{"name":"Pates àla truffe","color":"#3316dc"},{"name":"Restaurant","color":"#ff5161"}]}},{"type":"Feature","geometry":{"type":"Point","coordinates":[2.3429946899414062,48.84672546386719]},"properties":{"name":"Papilla","address":"9 Rue Soufflot 75005 Paris France","icon":"generic","userComment":"Petit italien très cosy très sympa : vue sur le panthéon ✨","tags":[{"name":"À essayer","color":"#6edf38"},{"name":"Pizza","color":"#a2d408"},{"name":"Pates àla truffe","color":"#3316dc"},{"name":"Cocktails","color":"#d1b524"}]}},{"type":"Feature","geometry":{"type":"Point","coordinates":[7.626416200000001,48.62797439999999]},"properties":{"name":"le Marronnier","address":"18 Route de Saverne 67370 Stutzheim-Offenheim France","icon":"restaurant","userComment":"Très typique avec toutes les spécialités dans une ambiance taverne très locale ! On adore ","tags":[{"name":"Restaurant","color":"#ff5161"},{"name":"Specialites locales","color":"#2dadd2"},{"name":"À essayer","color":"#6edf38"}]}},{"type":"Feature","geometry":{"type":"Point","coordinates":[7.760666299999999,48.5794989]},"properties":{"name":"Le Public House","address":"14 Rue Paul Janet, 67000 Strasbourg, France","icon":"restaurant","userComment":"Ambiance au top et très bon cocktail ","tags":[{"name":"Ambiance","color":"#fb4c42"},{"name":"Bar","color":"#2ad93c"},{"name":"Amis","color":"#408fff"}]}},{"type":"Feature","geometry":{"type":"Point","coordinates":[7.7488706,48.58041710000001]},"properties":{"name":"Restaurant Au Pigeon","address":"23 Rue des Tonneliers, 67000 Strasbourg, France","icon":"restaurant","userComment":"Taverne très typique ! Je recommande pour les spécialités locales ","tags":[{"name":"Specialites locales","color":"#2dadd2"},{"name":"À essayer","color":"#6edf38"}]}},{"type":"Feature","geometry":{"type":"Point","coordinates":[2.3404517,48.8760122]},"properties":{"name":"Lolo cave à manger","address":"12 Rue de Châteaudun, 75009 Paris, France","icon":"restaurant","userComment":"Bar à vin : très cocooning et ambiance garantie ! A essayer si on est à 3/4 personnes ! Pas adapté au groupe ! Tapas délicieux ","tags":[{"name":"À essayer","color":"#6edf38"},{"name":"Ambiance","color":"#fb4c42"},{"name":"Amis","color":"#408fff"},{"name":"Bar","color":"#2ad93c"},{"name":"Wine","color":"#5412d1"}]}},{"type":"Feature","geometry":{"type":"Point","coordinates":[2.277786,48.851537]},"properties":{"name":"Daroco 16","address":"3 Place Clément Ader, Paris 75016","icon":"restaurant","userComment":"Super adresse très cosy ","tags":[{"name":"Restaurant","color":"#ff5161"},{"name":"Cocktails","color":"#d1b524"},{"name":"Italien","color":"#f27b3c"}]}},{"type":"Feature","geometry":{"type":"Point","coordinates":[1.4560865,43.5697194]},"properties":{"name":"Hoegaarden Café","address":"52 Route de Narbonne, 31400 Toulouse, France","icon":"restaurant","userComment":"Bar sympa et accueil de qualité par le patron! Pratique si on est à la fac de pharma à côté sinon peu d’intérêt de se déplacer pour y aller volontairement ","tags":[{"name":"Bar","color":"#2ad93c"},{"name":"Happy hour","color":"#9526e1"}]}},{"type":"Feature","geometry":{"type":"Point","coordinates":[1.4352084,43.6038317]},"properties":{"name":"Chez Tonton","address":"16 Place Saint-Pierre, 31000 Toulouse, France","icon":"bar","userComment":"Passage obligé pour tout visiter de la village rose ! Ambiance garantie ","tags":[{"name":"À essayer","color":"#6edf38"},{"name":"Ambiance","color":"#fb4c42"},{"name":"Bar","color":"#2ad93c"},{"name":"Amis","color":"#408fff"}]}},{"type":"Feature","geometry":{"type":"Point","coordinates":[2.37125,48.854309]},"properties":{"name":"La Reverie ✨","address":"15 Rue de la Roquette, 75011 Paris","icon":"generic","userComment":"Endroit très sympa et très bon cocktails ! Happy hour ","tags":[{"name":"À essayer","color":"#6edf38"},{"name":"Ambiance","color":"#fb4c42"},{"name":"Bar","color":"#2ad93c"},{"name":"Cocktails","color":"#d1b524"}]}},{"type":"Feature","geometry":{"type":"Point","coordinates":[4.399252414703369,50.8291015625]},"properties":{"name":"FRITERIE ANTOINE","address":"Avenue Le Marinel 138B, 1040 Etterbeek, Belgique","icon":"generic","userComment":"Excellentes frites : spécialité locale ","tags":[{"name":"Specialites locales","color":"#2dadd2"}]}},{"type":"Feature","geometry":{"type":"Point","coordinates":[4.353262899999999,50.84842769999999]},"properties":{"name":"Rooster's","address":"Rue Grétry 79, 1000 Bruxelles, Belgique","icon":"bar","userComment":"Bar / boîte cool mais les toilettes payantes ","tags":[{"name":"À essayer","color":"#6edf38"},{"name":"Ambiance","color":"#fb4c42"},{"name":"Amis","color":"#408fff"},{"name":"Bar","color":"#2ad93c"}]}},{"type":"Feature","geometry":{"type":"Point","coordinates":[4.348273199999999,50.8499559]},"properties":{"name":"NONA","address":"Rue Sainte-Catherine 17-19, 1000 Bruxelles, Belgique","icon":"restaurant","userComment":"Excellentes pizzas et cocktails ! Je Recommande ++ ","tags":[{"name":"Italien","color":"#f27b3c"},{"name":"Cocktails","color":"#d1b524"},{"name":"Cadre sympa","color":"#ee34af"},{"name":"Restaurant","color":"#ff5161"}]}},{"type":"Feature","geometry":{"type":"Point","coordinates":[4.355392399999999,50.84802529999999]},"properties":{"name":"Mokafé Taverne","address":"Galerie du Roi 9, 1000 Bruxelles, Belgique","icon":"restaurant","userComment":"Gaufres à tester ","tags":[{"name":"À essayer","color":"#6edf38"},{"name":"Cadre sympa","color":"#ee34af"}]}},{"type":"Feature","geometry":{"type":"Point","coordinates":[4.3584684,50.82549129999999]},"properties":{"name":"Grizzly","address":"Parvis de la Trinité 10, 1050 Ixelles, Belgique","icon":"restaurant","userComment":"Très bon brunch et très joli cadre ","tags":[{"name":"À essayer","color":"#6edf38"},{"name":"Amis","color":"#408fff"},{"name":"Brunch","color":"#f033cb"}]}},{"type":"Feature","geometry":{"type":"Point","coordinates":[4.341909,50.852757]},"properties":{"name":"Brussels Beer Project","address":"Rue Antoine Dansaert 188, 1000 Bruxelles, Belgique","icon":"restaurant","userComment":"Déco incroyable, très bonne ambiance et très sympa avec des bières artisanales ! A essayer ","tags":[{"name":"Ambiance","color":"#fb4c42"},{"name":"À essayer","color":"#6edf38"},{"name":"Amis","color":"#408fff"}]}},{"type":"Feature","geometry":{"type":"Point","coordinates":[4.3525319,50.842102]},"properties":{"name":"C'est Bon C'est Belge","address":"14, Rue de Bon Secours 14, 1000 Bruxelles, Belgique","icon":"restaurant","userComment":"Cuisine locale et pas chère ","tags":[{"name":"Restaurant","color":"#ff5161"}]}},{"type":"Feature","geometry":{"type":"Point","coordinates":[4.38942289352417,50.815757751464844]},"properties":{"name":"Cafe Bar Chez Teresa","address":"Chaussée de Boondael 327 1050 Ixelles Belgium","icon":"generic","tags":[{"name":"À essayer","color":"#6edf38"},{"name":"Ambiance","color":"#fb4c42"},{"name":"Bar","color":"#2ad93c"}]}},{"type":"Feature","geometry":{"type":"Point","coordinates":[4.405374000000001,50.83752029999999]},"properties":{"name":"Le Jardin de Nicolas","address":"Avenue de Tervueren 137, 1150 Woluwe-Saint-Pierre, Belgique","icon":"restaurant","userComment":"Vraiment top ","tags":[{"name":"À essayer","color":"#6edf38"}]}},{"type":"Feature","geometry":{"type":"Point","coordinates":[2.2968048,48.8793075]},"properties":{"name":"Atelier du Marché","address":"4 Rue Saussier-Leroy, 75017 Paris, France","icon":"restaurant","userComment":"Très bon resto avec des produits de qualité et personnel très sympathique et accueillant ! Recommandé ++ ","tags":[{"name":"Ambiance","color":"#fb4c42"},{"name":"Cadre sympa","color":"#ee34af"},{"name":"Restaurant","color":"#ff5161"},{"name":"Viandes","color":"#cf1c02"},{"name":"Carpe diem","color":"#642fd1"}]}},{"type":"Feature","geometry":{"type":"Point","coordinates":[2.33675,48.882778]},"properties":{"name":"Chope-moi","address":"32 Boulevard de Clichy, 75018 Paris","icon":"generic","userComment":"Très bon cocktail gin à la pêche/ grenadine ! ","tags":[{"name":"Ambiance","color":"#fb4c42"},{"name":"Amis","color":"#408fff"},{"name":"À essayer","color":"#6edf38"},{"name":"Happy hour","color":"#9526e1"},{"name":"Sans reservation","color":"#f71a45"}]}},{"type":"Feature","geometry":{"type":"Point","coordinates":[2.2313448,48.8248008]},"properties":{"name":"Seguin Sound","address":"1, Parvis de l'Île Seguin, 92100, 92100 Boulogne-Billancourt, France","icon":"restaurant","tags":[{"name":"Happy hour","color":"#9526e1"},{"name":"Amis","color":"#408fff"},{"name":"Bar","color":"#2ad93c"}]}},{"type":"Feature","geometry":{"type":"Point","coordinates":[2.345823,48.86382800000001]},"properties":{"name":"Presto Fresco","address":"14 rue Montmartre, Paris 75001","icon":"restaurant","userComment":"Tres joli deco ! Pates maison et copieux ! A 2 pas de chatelet ( cote st eustache) ","tags":[{"name":"Italien","color":"#f27b3c"},{"name":"Restaurant","color":"#ff5161"},{"name":"À essayer","color":"#6edf38"},{"name":"Ambiance","color":"#fb4c42"},{"name":"Cadre sympa","color":"#ee34af"},{"name":"Fancy","color":"#0723cc"}]}},{"type":"Feature","geometry":{"type":"Point","coordinates":[2.2398002,48.8341264]},"properties":{"name":"Il Gattopardo","address":"22 Rue Paul Bert, 92100 Boulogne-Billancourt, France","icon":"restaurant","userComment":"Bon italien ! ","tags":[{"name":"À essayer","color":"#6edf38"},{"name":"Restaurant","color":"#ff5161"},{"name":"Italien","color":"#f27b3c"}]}},{"type":"Feature","geometry":{"type":"Point","coordinates":[2.336366699999999,48.87152020000001]},"properties":{"name":"La Citadelle des Grands Boulevards","address":"24 Bd des Italiens, 75009 Paris, France","icon":"restaurant","userComment":"Bon gin to! Petit tips: commander au bar et aller du côté « afterwork » ( à droite) pour avoir des prix pas chers a contrario de la terrasse assise. ","tags":[{"name":"Cocktails","color":"#d1b524"},{"name":"Amis","color":"#408fff"},{"name":"Bar","color":"#2ad93c"}]}},{"type":"Feature","geometry":{"type":"Point","coordinates":[2.3338682,48.8817363]},"properties":{"name":"Chez Paolo","address":"21 Rue Pierre Fontaine, 75009 Paris, France","icon":"restaurant","userComment":"Très bon italien près de Pigalle et pas cher ! Serveur très sympathique ( petit digestif offert et verre de rosé aussi) ! Grande salle au sous-sol : parfait pour AW ou hiver/pluie","tags":[{"name":"Amis","color":"#408fff"},{"name":"Italien","color":"#f27b3c"},{"name":"Parfait pour l’hiver ou pluie","color":"#409fce"},{"name":"Pizza","color":"#a2d408"},{"name":"Pas cher","color":"#0add54"},{"name":"Restaurant","color":"#ff5161"}]}},{"type":"Feature","geometry":{"type":"Point","coordinates":[2.3148159980773926,48.88188171386719]},"properties":{"name":"Le Cafe des Marroniers","address":"59 Rue de Tocqueville 75017 Paris France","icon":"fastfood","userComment":"Happy hour de 16-22h avec cocktails à 5 euros ! Gin to très appreciable pour ce Prix ! ","tags":[{"name":"Gin to pas cher","color":"#37cd5d"},{"name":"Ambiance","color":"#fb4c42"},{"name":"Amis","color":"#408fff"},{"name":"Bar","color":"#2ad93c"},{"name":"Happy hour","color":"#9526e1"}]}},{"type":"Feature","geometry":{"type":"Point","coordinates":[2.324947,48.88323399999999]},"properties":{"name":"Palatino","address":"22 Boulevard des Batignolles, 75017 Paris, France","icon":"restaurant","userComment":"Très bonnes pizzas et pas chères! Ambiance Très conviviale ","tags":[{"name":"Pizza","color":"#a2d408"},{"name":"Ambiance","color":"#fb4c42"},{"name":"Amis","color":"#408fff"},{"name":"Pizza pas chere et top","color":"#3b3bd7"}]}},{"type":"Feature","geometry":{"type":"Point","coordinates":[2.3460285,48.866071]},"properties":{"name":"Les Ecuries","address":"8 Rue Bachaumont, 75002 Paris, France","icon":"bar","tags":[{"name":"À essayer","color":"#6edf38"},{"name":"Ambiance","color":"#fb4c42"},{"name":"Bar","color":"#2ad93c"},{"name":"Parfait pour l’hiver ou pluie","color":"#409fce"}]}},{"type":"Feature","geometry":{"type":"Point","coordinates":[2.3315576,48.8843603]},"properties":{"name":"IT Trattoria Clichy","address":"104 Boulevard de Clichy, 75018 Paris, France","icon":"restaurant","userComment":"Pizza basique à 5 euros 90 ! Vraiment top pour une soirée bar et petite faim ","tags":[{"name":"Pizza","color":"#a2d408"}]}},{"type":"Feature","geometry":{"type":"Point","coordinates":[2.3482678,48.86309110000001]},"properties":{"name":"Le Parigi","address":"30 Rue de la Grande Truanderie, 75001 Paris, France","icon":"restaurant","tags":[{"name":"Gin to pas cher","color":"#37cd5d"},{"name":"À essayer","color":"#6edf38"},{"name":"Amis","color":"#408fff"}]}},{"type":"Feature","geometry":{"type":"Point","coordinates":[2.3485455,48.86304179999999]},"properties":{"name":"Le Petit Bouillon Pharamond","address":"24 Rue de la Grande Truanderie, 75001 Paris, France","icon":"restaurant","tags":[{"name":"Pas cher","color":"#0add54"},{"name":"Restaurant","color":"#ff5161"}]}},{"type":"Feature","geometry":{"type":"Point","coordinates":[0.6814419999999999,47.3942097]},"properties":{"name":"Le Cappucino","address":"14 Rue du Grand Marché, 37000 Tours, France","icon":"restaurant","tags":[{"name":"Pates àla truffe","color":"#3316dc"},{"name":"Restaurant","color":"#ff5161"},{"name":"Cadre sympa","color":"#ee34af"},{"name":"Italien","color":"#f27b3c"}]}},{"type":"Feature","geometry":{"type":"Point","coordinates":[0.6819946000000001,47.3958246]},"properties":{"name":"Le KAA","address":"18 Rue de la Paix, 37000 Tours, France","icon":"bar","tags":[{"name":"Gin to pas cher","color":"#37cd5d"},{"name":"Amis","color":"#408fff"},{"name":"Bar","color":"#2ad93c"}]}},{"type":"Feature","geometry":{"type":"Point","coordinates":[0.68137,47.3939917]},"properties":{"name":"GUSTO","address":"10 Rue de la Rôtisserie, 37000 Tours, France","icon":"restaurant","tags":[{"name":"Italien","color":"#f27b3c"},{"name":"À essayer","color":"#6edf38"},{"name":"Restaurant","color":"#ff5161"}]}},{"type":"Feature","geometry":{"type":"Point","coordinates":[0.6821769999999999,47.3943144]},"properties":{"name":"L'Embellie","address":"21 Rue de la Monnaie, 37000 Tours, France","icon":"restaurant","tags":[{"name":"À essayer","color":"#6edf38"},{"name":"Restaurant","color":"#ff5161"}]}},{"type":"Feature","geometry":{"type":"Point","coordinates":[4.035377599999999,49.25464179999999]},"properties":{"name":"Gueuleton Reims","address":"1 Place Martyrs de la Résistance, 51100 Reims, France","icon":"restaurant","tags":[{"name":"Tres bon gin to","color":"#2164d0"},{"name":"Restaurant","color":"#ff5161"},{"name":"Cadre sympa","color":"#ee34af"},{"name":"Viandes","color":"#cf1c02"}]}},{"type":"Feature","geometry":{"type":"Point","coordinates":[4.026697100000001,49.25548329999999]},"properties":{"name":"The Glue Pot","address":"Place Drouet d'Erlon France","icon":"bar","tags":[{"name":"Viandes","color":"#cf1c02"},{"name":"Ambiance","color":"#fb4c42"},{"name":"Amis","color":"#408fff"},{"name":"Bar","color":"#2ad93c"},{"name":"Restaurant","color":"#ff5161"}]}},{"type":"Feature","geometry":{"type":"Point","coordinates":[3.976809399999999,49.0912992]},"properties":{"name":"Royal Champagne Hotel & Spa","address":"9 Rue de la République - Hameau de, Rue de Bellevue, 51160 Champillon, France","icon":"lodging","userComment":"Rooftop sur toute la champagne ardennes avec superbes cocktails ! ","tags":[{"name":"Cocktails","color":"#d1b524"},{"name":"Cadre sympa","color":"#ee34af"},{"name":"Rooftop","color":"#40b4fb"}]}},{"type":"Feature","geometry":{"type":"Point","coordinates":[4.032529600000001,49.2529744]},"properties":{"name":"Au Bureau Reims Cathédrale","address":"9 Place du Cardinal Luçon, Reims 51100","icon":"cafe","userComment":"Superbe vue sur la cathédrale pour boire des gin to🕺🏻","tags":[{"name":"Cadre sympa","color":"#ee34af"}]}},{"type":"Feature","geometry":{"type":"Point","coordinates":[4.148527000000001,49.151169]},"properties":{"name":"PERCHINGBAR","address":"faux de Verzy, 51380 Verzy, France","icon":"bar","tags":[{"name":"À essayer","color":"#6edf38"},{"name":"Cadre sympa","color":"#ee34af"},{"name":"Champagne bar","color":"#d01bab"},{"name":"Bar","color":"#2ad93c"}]}},{"type":"Feature","geometry":{"type":"Point","coordinates":[2.3913527,48.8299252]},"properties":{"name":"Guinguette La Javelle","address":"De l'autre côte du Boulevard, 20 Bd Poniatowski, 75012 Paris, France","icon":"bar","tags":[{"name":"À essayer","color":"#6edf38"},{"name":"Ambiance","color":"#fb4c42"},{"name":"Bar","color":"#2ad93c"},{"name":"Cadre sympa","color":"#ee34af"},{"name":"Guinguette","color":"#15e062"}]}},{"type":"Feature","geometry":{"type":"Point","coordinates":[2.3436515,48.865889]},"properties":{"name":"Chez Bouboule","address":"46 Rue d'Argout, 75002 Paris, France","icon":"bar","tags":[{"name":"Ambiance","color":"#fb4c42"},{"name":"Gin to pas cher","color":"#37cd5d"},{"name":"Amis","color":"#408fff"},{"name":"Bar","color":"#2ad93c"}]}},{"type":"Feature","geometry":{"type":"Point","coordinates":[2.317636,48.88298859999999]},"properties":{"name":"Tonton Des Dames","address":"94 Rue Des Dames Paris 75017","icon":"restaurant","userComment":"Bar à viandes ","tags":[{"name":"Restaurant","color":"#ff5161"},{"name":"Amis","color":"#408fff"},{"name":"Viandes","color":"#cf1c02"},{"name":"À essayer","color":"#6edf38"}]}},{"type":"Feature","geometry":{"type":"Point","coordinates":[2.3658851,48.8650338]},"properties":{"name":"CHOPE - MOI Republique","address":"30 Bd du Temple Paris 75011","icon":"bar","tags":[{"name":"Gin to pas cher","color":"#37cd5d"},{"name":"Ambiance","color":"#fb4c42"},{"name":"Amis","color":"#408fff"},{"name":"À essayer","color":"#6edf38"}]}},{"type":"Feature","geometry":{"type":"Point","coordinates":[2.381509599999999,48.8439199]},"properties":{"name":"Ground Control","address":"81 Rue du Charolais, 75012 Paris, France","icon":"bar","tags":[{"name":"Ambiance","color":"#fb4c42"},{"name":"Street food","color":"#32d7c9"},{"name":"Cocktail pas bon","color":"#02d46d"},{"name":"Amis","color":"#408fff"}]}},{"type":"Feature","geometry":{"type":"Point","coordinates":[2.29857,48.84908]},"properties":{"name":"Asphalte Bar","address":"115 Boulevard de Grenelle 75015 Paris France","icon":"generic","tags":[{"name":"Gin to pas cher","color":"#37cd5d"},{"name":"Bar","color":"#2ad93c"}]}},{"type":"Feature","geometry":{"type":"Point","coordinates":[2.363564299999999,48.8620241]},"properties":{"name":"BigLove","address":"30 Rue Debelleyme, Paris 75003","icon":"restaurant","tags":[{"name":"Pates àla truffe","color":"#3316dc"},{"name":"Restaurant","color":"#ff5161"},{"name":"Amis","color":"#408fff"},{"name":"Ambiance","color":"#fb4c42"}]}},{"type":"Feature","geometry":{"type":"Point","coordinates":[2.3502117,48.8755484]},"properties":{"name":"Libertino","address":"44 Rue de Paradis, Paris 75010","icon":"restaurant","tags":[{"name":"Amis","color":"#408fff"},{"name":"Restaurant","color":"#ff5161"},{"name":"Pates àla truffe","color":"#3316dc"},{"name":"Ambiance","color":"#fb4c42"}]}}]}